Loading tokenizer...
Loading base DiffusionGemma 26B (bf16)...
Loaded in 295.9s
Loaded 1051 independent eval rows
[base_original] live_multiple_316-132-6 n_cand=3 bucket=primitive gold=Movies_3_FindMovies pred=Movies_3_FindMovies name_ok=True args_ok=True (8690ms)
[base_original] live_multiple_817-177-0 n_cand=4 bucket=primitive gold=Events_3_BuyEventTickets pred=Events_3_BuyEventTickets name_ok=True args_ok=True (1479ms)
[base_original] live_multiple_1036-263-1 n_cand=3 bucket=primitive gold=api_token_api.APITokenApi.get_api_tokens pred=api_token_api.APITokenApi.get_api_tokens name_ok=True args_ok=True (1194ms)
[base_original] live_multiple_770-171-3 n_cand=4 bucket=primitive gold=Services_1_FindProvider pred=Services_1_FindProvider name_ok=True args_ok=True (1224ms)
[base_original] live_multiple_266-127-1 n_cand=5 bucket=primitive gold=Weather_1_GetWeather pred=Weather_1_GetWeather name_ok=True args_ok=True (1357ms)
[base_original] live_multiple_56-22-3 n_cand=4 bucket=primitive gold=inventory_management pred=inventory_management name_ok=True args_ok=False (1343ms)
[base_original] live_multiple_357-134-2 n_cand=3 bucket=primitive gold=Movies_3_FindMovies pred=Movies_3_FindMovies name_ok=True args_ok=True (1048ms)
[base_original] live_multiple_868-182-5 n_cand=5 bucket=primitive gold=Movies_1_FindMovies pred=Movies_1_FindMovies name_ok=True args_ok=True (1991ms)
[base_original] live_multiple_936-192-1 n_cand=2 bucket=primitive gold=set_alarm pred=set_alarm name_ok=True args_ok=True (901ms)
[base_original] live_multiple_461-145-12 n_cand=5 bucket=primitive gold=Travel_1_FindAttractions pred=Travel_1_FindAttractions name_ok=True args_ok=True (2390ms)
[base_original] live_multiple_724-165-11 n_cand=3 bucket=primitive gold=Hotels_2_SearchHouse pred=Hotels_2_SearchHouse name_ok=True args_ok=True (1417ms)
[base_original] live_multiple_199-90-1 n_cand=7 bucket=atomic gold=adriel_tech_stack pred=adriel_tech_stack name_ok=True args_ok=True (1062ms)
[base_original] live_multiple_806-175-12 n_cand=5 bucket=primitive gold=Weather_1_GetWeather pred=Weather_1_GetWeather name_ok=True args_ok=True (1296ms)
[base_original] live_multiple_537-151-13 n_cand=2 bucket=primitive gold=Events_3_FindEvents pred=Events_3_FindEvents name_ok=True args_ok=True (1223ms)
[base_original] live_multiple_588-157-9 n_cand=3 bucket=primitive gold=Media_3_FindMovies pred=Media_3_FindMovies name_ok=True args_ok=True (937ms)
[base_original] live_multiple_133-50-5 n_cand=5 bucket=primitive gold=multilingual_llm pred=multilingual_llm name_ok=True args_ok=True (1519ms)
[base_original] live_multiple_497-148-7 n_cand=4 bucket=primitive gold=Events_3_FindEvents pred=Events_3_FindEvents name_ok=True args_ok=True (1066ms)
[base_original] live_multiple_981-215-5 n_cand=2 bucket=primitive gold=get_service_providers pred=get_service_providers name_ok=True args_ok=False (1536ms)
[base_original] live_multiple_259-123-0 n_cand=3 bucket=primitive gold=project_api.ProjectApi.get_project_by_name_and_version pred=project_api.ProjectApi.get_project_by_name_and_version name_ok=True args_ok=True (924ms)
[base_original] live_multiple_746-169-1 n_cand=5 bucket=primitive gold=Media_3_FindMovies pred=Media_3_FindMovies name_ok=True args_ok=True (1246ms)
[base_original] live_multiple_337-133-1 n_cand=4 bucket=primitive gold=Music_3_PlayMedia pred=Music_3_PlayMedia name_ok=True args_ok=True (1368ms)
[base_original] live_multiple_315-132-5 n_cand=3 bucket=primitive gold=Movies_3_FindMovies pred=Movies_3_FindMovies name_ok=True args_ok=True (1146ms)
[base_original] live_multiple_310-132-0 n_cand=3 bucket=primitive gold=Movies_3_FindMovies pred=Movies_3_FindMovies name_ok=True args_ok=True (1447ms)
[base_original] live_multiple_785-173-7 n_cand=3 bucket=primitive gold=Services_4_FindProvider pred=Services_4_FindProvider name_ok=True args_ok=True (982ms)
[base_original] live_multiple_719-165-6 n_cand=3 bucket=primitive gold=Hotels_2_SearchHouse pred=Hotels_2_SearchHouse name_ok=True args_ok=True (1420ms)
[base_original] live_multiple_858-180-6 n_cand=4 bucket=primitive gold=Buses_3_BuyBusTicket pred=Buses_3_BuyBusTicket name_ok=True args_ok=False (1878ms)
[base_original] live_multiple_360-134-5 n_cand=3 bucket=primitive gold=Movies_3_FindMovies pred=Movies_3_FindMovies name_ok=True args_ok=True (1366ms)
[base_original] live_multiple_305-131-4 n_cand=5 bucket=primitive gold=Hotels_4_ReserveHotel pred=None name_ok=False args_ok=False (3165ms)
[base_original] live_multiple_239-107-0 n_cand=6 bucket=primitive gold=search_web_tool pred=search_web_tool name_ok=True args_ok=True (1142ms)
[base_original] live_multiple_764-170-2 n_cand=2 bucket=primitive gold=Buses_3_FindBus pred=Buses_3_FindBus name_ok=True args_ok=True (1315ms)
[base_original] live_multiple_656-161-24 n_cand=6 bucket=primitive gold=Music_3_LookupMusic pred=Music_3_LookupMusic name_ok=True args_ok=False (1524ms)
[base_original] live_multiple_962-205-2 n_cand=2 bucket=freetext gold=web_search pred=web_search name_ok=True args_ok=True (1516ms)
[base_original] live_multiple_120-45-5 n_cand=5 bucket=atomic gold=version_api.VersionApi.get_version pred=version_api.VersionApi.get_version name_ok=True args_ok=True (1006ms)
[base_original] live_multiple_1040-267-0 n_cand=7 bucket=freetext gold=detail_experience_and_education pred=detail_experience_and_education name_ok=True args_ok=False (1204ms)
[base_original] live_multiple_940-194-2 n_cand=4 bucket=primitive gold=play_spotify_song pred=play_spotify_song name_ok=True args_ok=True (1035ms)
[base_original] live_multiple_291-130-0 n_cand=2 bucket=primitive gold=Hotels_2_SearchHouse pred=Hotels_2_SearchHouse name_ok=True args_ok=True (956ms)
[base_original] live_multiple_811-176-2 n_cand=2 bucket=primitive gold=Alarm_1_GetAlarms pred=Alarm_1_GetAlarms name_ok=True args_ok=True (859ms)
[base_original] live_multiple_971-212-0 n_cand=2 bucket=primitive gold=get_service_providers pred=get_service_providers name_ok=True args_ok=False (2139ms)
[base_original] live_multiple_892-185-2 n_cand=4 bucket=primitive gold=Payment_1_MakePayment pred=Payment_1_MakePayment name_ok=True args_ok=False (1481ms)
[base_original] live_multiple_713-165-0 n_cand=3 bucket=primitive gold=Hotels_2_SearchHouse pred=Hotels_2_SearchHouse name_ok=True args_ok=False (1413ms)
[base_original] live_multiple_26-6-1 n_cand=9 bucket=primitive gold=recall_memory_search pred=recall_memory_search name_ok=True args_ok=True (2403ms)
[base_original] live_multiple_792-174-6 n_cand=2 bucket=primitive gold=Homes_2_FindHomeByArea pred=Homes_2_FindHomeByArea name_ok=True args_ok=True (1298ms)
[base_original] live_multiple_112-43-10 n_cand=10 bucket=primitive gold=list_servers pred=list_servers name_ok=True args_ok=True (1348ms)
[base_original] live_multiple_613-159-6 n_cand=4 bucket=primitive gold=Events_3_FindEvents pred=Events_3_FindEvents name_ok=True args_ok=False (1443ms)
[base_original] live_multiple_669-162-11 n_cand=8 bucket=primitive gold=Events_3_FindEvents pred=Events_3_FindEvents name_ok=True args_ok=True (1740ms)
[base_original] live_multiple_153-58-7 n_cand=4 bucket=primitive gold=get_sensor_readings_history pred=get_sensor_readings_history name_ok=True args_ok=False (2328ms)
[base_original] live_multiple_574-156-0 n_cand=5 bucket=primitive gold=Services_1_FindProvider pred=Services_1_FindProvider name_ok=True args_ok=True (1536ms)
[base_original] live_multiple_551-153-0 n_cand=4 bucket=primitive gold=Services_1_FindProvider pred=Services_1_FindProvider name_ok=True args_ok=True (1358ms)
[base_original] live_multiple_617-159-10 n_cand=4 bucket=primitive gold=Events_3_FindEvents pred=Events_3_FindEvents name_ok=True args_ok=False (1434ms)
[base_original] live_multiple_319-132-9 n_cand=3 bucket=primitive gold=Movies_3_FindMovies pred=Movies_3_FindMovies name_ok=True args_ok=True (1141ms)
[base_original] live_multiple_109-43-7 n_cand=10 bucket=primitive gold=list_servers pred=list_servers name_ok=True args_ok=True (1350ms)
[base_original] live_multiple_758-169-13 n_cand=5 bucket=primitive gold=Media_3_FindMovies pred=Media_3_FindMovies name_ok=True args_ok=True (1241ms)
[base_original] live_multiple_11-4-3 n_cand=5 bucket=primitive gold=HNA_WQA.search pred=HNA_WQA.search name_ok=True args_ok=True (1211ms)
[base_original] live_multiple_101-42-5 n_cand=9 bucket=primitive gold=connect_to_server pred=connect_to_server name_ok=True args_ok=True (1695ms)
[base_original] live_multiple_431-141-20 n_cand=3 bucket=primitive gold=Movies_1_FindMovies pred=Movies_1_FindMovies name_ok=True args_ok=True (1404ms)
[base_original] live_multiple_555-154-1 n_cand=4 bucket=primitive gold=RentalCars_3_GetCarsAvailable pred=RentalCars_3_GetCarsAvailable name_ok=True args_ok=False (1842ms)
[base_original] live_multiple_468-145-19 n_cand=5 bucket=primitive gold=Travel_1_FindAttractions pred=Travel_1_FindAttractions name_ok=True args_ok=True (1749ms)
[base_original] live_multiple_96-42-0 n_cand=9 bucket=primitive gold=list_files pred=list_files name_ok=True args_ok=True (1351ms)
[base_original] live_multiple_876-183-1 n_cand=6 bucket=primitive gold=Travel_1_FindAttractions pred=Travel_1_FindAttractions name_ok=True args_ok=True (1699ms)
[base_original] live_multiple_270-127-5 n_cand=5 bucket=primitive gold=Weather_1_GetWeather pred=Weather_1_GetWeather name_ok=True args_ok=True (1676ms)
[base_original] live_multiple_705-164-21 n_cand=3 bucket=primitive gold=Movies_3_FindMovies pred=Movies_3_FindMovies name_ok=True args_ok=True (1044ms)
[base_original] live_multiple_59-22-6 n_cand=4 bucket=primitive gold=inventory_management pred=None name_ok=False args_ok=False (4773ms)
[base_original] live_multiple_664-162-6 n_cand=8 bucket=primitive gold=Events_3_FindEvents pred=Events_3_FindEvents name_ok=True args_ok=True (2070ms)
[base_original] live_multiple_730-167-1 n_cand=4 bucket=primitive gold=Homes_2_FindHomeByArea pred=Homes_2_FindHomeByArea name_ok=True args_ok=False (1793ms)
[base_original] live_multiple_204-90-6 n_cand=7 bucket=atomic gold=adriel_experiences_and_education pred=adriel_experiences_and_education name_ok=True args_ok=True (1066ms)
[base_original] live_multiple_52-21-1 n_cand=4 bucket=primitive gold=inventory_management pred=inventory_management name_ok=True args_ok=True (1333ms)
[base_original] live_multiple_348-133-12 n_cand=4 bucket=primitive gold=Music_3_LookupMusic pred=Music_3_LookupMusic name_ok=True args_ok=True (1370ms)
[base_original] live_multiple_299-130-8 n_cand=2 bucket=primitive gold=Hotels_2_SearchHouse pred=Hotels_2_SearchHouse name_ok=True args_ok=True (980ms)
[base_original] live_multiple_681-163-6 n_cand=3 bucket=primitive gold=Weather_1_GetWeather pred=Weather_1_GetWeather name_ok=True args_ok=True (1040ms)
[base_original] live_multiple_1035-263-0 n_cand=3 bucket=primitive gold=api_token_api.APITokenApi.get_api_tokens pred=api_token_api.APITokenApi.get_api_tokens name_ok=True args_ok=True (904ms)
[base_original] live_multiple_526-151-2 n_cand=2 bucket=primitive gold=Events_3_FindEvents pred=Events_3_FindEvents name_ok=True args_ok=True (920ms)
[base_original] live_multiple_260-124-0 n_cand=3 bucket=atomic gold=version_api.VersionApi.get_version pred=version_api.VersionApi.get_version name_ok=True args_ok=True (852ms)
[base_original] live_multiple_462-145-13 n_cand=5 bucket=primitive gold=Flights_4_SearchRoundtripFlights pred=Flights_4_SearchRoundtripFlights name_ok=True args_ok=True (2086ms)
[base_original] live_multiple_255-119-0 n_cand=3 bucket=primitive gold=badge_api.BadgeApi.get_project_policy_violations_badge pred=badge_api.BadgeApi.get_project_policy_violations_badge name_ok=True args_ok=True (1226ms)
[base_original] live_multiple_768-171-1 n_cand=4 bucket=primitive gold=Services_1_FindProvider pred=Services_1_FindProvider name_ok=True args_ok=True (1515ms)
[base_original] live_multiple_567-155-7 n_cand=6 bucket=primitive gold=Events_3_FindEvents pred=Events_3_FindEvents name_ok=True args_ok=True (1351ms)
[base_original] live_multiple_928-191-16 n_cand=2 bucket=primitive gold=get_service_providers pred=get_service_providers name_ok=True args_ok=True (1479ms)
[base_original] live_multiple_749-169-4 n_cand=5 bucket=primitive gold=Media_3_FindMovies pred=Media_3_FindMovies name_ok=True args_ok=True (1271ms)
[base_original] live_multiple_582-157-3 n_cand=3 bucket=primitive gold=Media_3_FindMovies pred=Media_3_FindMovies name_ok=True args_ok=True (950ms)
[base_original] live_multiple_545-152-7 n_cand=4 bucket=primitive gold=Homes_2_FindHomeByArea pred=Homes_2_FindHomeByArea name_ok=True args_ok=True (1371ms)
[base_original] live_multiple_279-128-2 n_cand=3 bucket=primitive gold=Restaurants_2_FindRestaurants pred=Restaurants_2_FindRestaurants name_ok=True args_ok=True (1095ms)
[base_original] live_multiple_104-43-2 n_cand=10 bucket=primitive gold=open_project pred=open_project name_ok=True args_ok=True (1666ms)
[base_original] live_multiple_183-78-0 n_cand=4 bucket=freetext gold=finish pred=finish name_ok=True args_ok=True (1369ms)
[base_original] live_multiple_919-191-7 n_cand=2 bucket=primitive gold=get_service_providers pred=get_service_providers name_ok=True args_ok=False (1829ms)
[base_original] live_multiple_293-130-2 n_cand=2 bucket=primitive gold=Hotels_2_SearchHouse pred=Hotels_2_SearchHouse name_ok=True args_ok=True (1299ms)
[base_original] live_multiple_786-174-0 n_cand=2 bucket=primitive gold=Homes_2_ScheduleVisit pred=Homes_2_ScheduleVisit name_ok=True args_ok=True (957ms)
[base_original] live_multiple_553-153-2 n_cand=4 bucket=primitive gold=Services_1_FindProvider pred=Services_1_FindProvider name_ok=True args_ok=True (1703ms)
[base_original] live_multiple_276-127-11 n_cand=5 bucket=primitive gold=Weather_1_GetWeather pred=Weather_1_GetWeather name_ok=True args_ok=False (1686ms)
[base_original] live_multiple_556-154-2 n_cand=4 bucket=primitive gold=RentalCars_3_GetCarsAvailable pred=RentalCars_3_GetCarsAvailable name_ok=True args_ok=True (1481ms)
[base_original] live_multiple_152-58-6 n_cand=4 bucket=primitive gold=get_sensor_readings_latest pred=get_sensor_readings_latest name_ok=True args_ok=False (1969ms)
[base_original] live_multiple_60-22-7 n_cand=4 bucket=primitive gold=inventory_management pred=inventory_management name_ok=True args_ok=False (1035ms)
[base_original] live_multiple_1026-255-0 n_cand=3 bucket=primitive gold=CustomDashboardsApi.get_shareable_api_tokens pred=CustomDashboardsApi.get_shareable_api_tokens name_ok=True args_ok=True (969ms)
[base_original] live_multiple_653-161-21 n_cand=6 bucket=primitive gold=Music_3_LookupMusic pred=Music_3_LookupMusic name_ok=True args_ok=True (1525ms)
[base_original] live_multiple_321-132-11 n_cand=3 bucket=primitive gold=Movies_3_FindMovies pred=Movies_3_FindMovies name_ok=True args_ok=True (1157ms)
[base_original] live_multiple_941-195-0 n_cand=2 bucket=primitive gold=play_song pred=play_song name_ok=True args_ok=True (1146ms)
[base_original] live_multiple_570-155-10 n_cand=6 bucket=primitive gold=Events_3_FindEvents pred=Events_3_FindEvents name_ok=True args_ok=True (1662ms)
[base_original] live_multiple_1021-250-0 n_cand=3 bucket=primitive gold=restore_mobile_app_alert_config pred=restore_mobile_app_alert_config name_ok=True args_ok=True (1249ms)
[base_original] live_multiple_854-180-2 n_cand=4 bucket=primitive gold=Buses_3_FindBus pred=Buses_3_FindBus name_ok=True args_ok=False (1523ms)
[base_original] live_multiple_284-128-7 n_cand=3 bucket=primitive gold=Restaurants_2_FindRestaurants pred=Restaurants_2_FindRestaurants name_ok=True args_ok=True (1114ms)
[base_original] live_multiple_437-142-3 n_cand=6 bucket=primitive gold=RentalCars_3_GetCarsAvailable pred=RentalCars_3_GetCarsAvailable name_ok=True args_ok=True (1990ms)
[base_original] live_multiple_81-36-2 n_cand=4 bucket=primitive gold=add_mtnards_server pred=add_mtnards_server name_ok=True args_ok=True (1344ms)
[base_original] live_multiple_44-17-0 n_cand=8 bucket=primitive gold=BankStatementOverView pred=BankStatementOverView name_ok=True args_ok=False (2300ms)
[base_original] live_multiple_6-3-1 n_cand=4 bucket=primitive gold=create_workspace pred=None name_ok=False args_ok=False (2346ms)
[base_original] live_multiple_47-18-2 n_cand=3 bucket=primitive gold=order_status_check pred=order_status_check name_ok=True args_ok=True (971ms)
[base_original] live_multiple_638-161-6 n_cand=6 bucket=primitive gold=Music_3_LookupMusic pred=Music_3_LookupMusic name_ok=True args_ok=True (1211ms)
[base_original] live_multiple_947-197-0 n_cand=4 bucket=primitive gold=set_countdown pred=set_countdown name_ok=True args_ok=True (3627ms)
[base_original] live_multiple_517-150-5 n_cand=5 bucket=primitive gold=Movies_1_FindMovies pred=Movies_1_FindMovies name_ok=True args_ok=True (1639ms)
[base_original] live_multiple_139-53-1 n_cand=2 bucket=primitive gold=stock_price.get pred=stock_price.get name_ok=True args_ok=True (898ms)
[base_original] live_multiple_794-175-0 n_cand=5 bucket=primitive gold=Weather_1_GetWeather pred=Weather_1_GetWeather name_ok=True args_ok=True (1320ms)
[base_original] live_multiple_381-136-2 n_cand=7 bucket=primitive gold=Alarm_1_GetAlarms pred=Alarm_1_GetAlarms name_ok=True args_ok=True (2081ms)
[base_original] live_multiple_231-104-0 n_cand=3 bucket=primitive gold=get_contact_information pred=get_contact_information name_ok=True args_ok=True (905ms)
[base_original] live_multiple_565-155-5 n_cand=6 bucket=primitive gold=Events_3_FindEvents pred=Events_3_FindEvents name_ok=True args_ok=True (1672ms)
[base_original] live_multiple_238-106-4 n_cand=4 bucket=primitive gold=set_float pred=set_float name_ok=True args_ok=True (920ms)
[base_original] live_multiple_447-144-7 n_cand=6 bucket=primitive gold=Services_4_FindProvider pred=None name_ok=False args_ok=False (1617ms)
[base_original] live_multiple_842-178-17 n_cand=3 bucket=primitive gold=Music_3_PlayMedia pred=Music_3_PlayMedia name_ok=True args_ok=True (2063ms)
[base_original] live_multiple_374-134-19 n_cand=3 bucket=primitive gold=Movies_3_FindMovies pred=Movies_3_FindMovies name_ok=True args_ok=True (1055ms)
[base_original] live_multiple_39-14-1 n_cand=2 bucket=primitive gold=review_of_interviewer pred=review_of_interviewer name_ok=True args_ok=True (877ms)
[base_original] live_multiple_129-50-1 n_cand=5 bucket=freetext gold=search_engine.query pred=search_engine.query name_ok=True args_ok=False (1543ms)
[base_original] live_multiple_711-164-27 n_cand=3 bucket=primitive gold=Movies_3_FindMovies pred=Movies_3_FindMovies name_ok=True args_ok=True (1348ms)
[base_original] live_multiple_873-182-10 n_cand=5 bucket=primitive gold=Movies_1_FindMovies pred=Movies_1_FindMovies name_ok=True args_ok=True (1375ms)
[base_original] live_multiple_521-150-9 n_cand=5 bucket=primitive gold=Movies_1_FindMovies pred=Movies_1_FindMovies name_ok=True args_ok=True (1321ms)
[base_original] live_multiple_247-111-0 n_cand=3 bucket=primitive gold=analysis_api.AnalysisApi.retrieve_analysis pred=analysis_api.AnalysisApi.retrieve_analysis name_ok=True args_ok=True (1232ms)
[base_original] live_multiple_999-230-0 n_cand=3 bucket=atomic gold=health_api.HealthApi.get_version pred=health_api.HealthApi.get_version name_ok=True args_ok=True (1073ms)
[base_original] live_multiple_726-166-1 n_cand=3 bucket=primitive gold=Services_1_FindProvider pred=Services_1_FindProvider name_ok=True args_ok=True (1244ms)
[base_original] live_multiple_972-212-1 n_cand=2 bucket=primitive gold=get_service_providers pred=get_service_providers name_ok=True args_ok=False (1499ms)
[base_original] live_multiple_978-215-2 n_cand=2 bucket=primitive gold=get_service_providers pred=get_service_providers name_ok=True args_ok=True (1858ms)
[base_original] live_multiple_347-133-11 n_cand=4 bucket=primitive gold=Music_3_LookupMusic pred=Music_3_LookupMusic name_ok=True args_ok=True (1077ms)
[base_original] live_multiple_745-169-0 n_cand=5 bucket=primitive gold=Media_3_FindMovies pred=Media_3_FindMovies name_ok=True args_ok=True (1246ms)
[base_original] live_multiple_427-141-16 n_cand=3 bucket=freetext gold=Movies_1_FindMovies pred=Movies_1_FindMovies name_ok=True args_ok=True (1444ms)
[base_original] live_multiple_1039-266-0 n_cand=7 bucket=freetext gold=detail_experience_and_education pred=detail_experience_and_education name_ok=True args_ok=False (1513ms)
[base_original] live_multiple_98-42-2 n_cand=9 bucket=primitive gold=open_project pred=open_project name_ok=True args_ok=True (1361ms)
[base_original] live_multiple_991-222-0 n_cand=3 bucket=primitive gold=website_configuration_api.WebsiteConfigurationApi.rename_website pred=website_configuration_api.WebsiteConfigurationApi.rename_website name_ok=True args_ok=True (862ms)
[base_original] live_multiple_223-97-0 n_cand=3 bucket=primitive gold=list_directory_contents pred=list_directory_contents name_ok=True args_ok=True (1227ms)
[base_original] live_multiple_261-125-0 n_cand=5 bucket=primitive gold=rotateImageAction pred=rotateImageAction name_ok=True args_ok=True (1099ms)
[base_original] live_multiple_458-145-9 n_cand=5 bucket=primitive gold=Travel_1_FindAttractions pred=Travel_1_FindAttractions name_ok=True args_ok=True (1756ms)
[base_original] live_multiple_361-134-6 n_cand=3 bucket=primitive gold=Movies_3_FindMovies pred=Movies_3_FindMovies name_ok=True args_ok=True (1374ms)
[base_original] live_multiple_220-94-2 n_cand=3 bucket=primitive gold=get_sensor_readings_latest pred=get_sensor_readings_latest name_ok=True args_ok=False (1744ms)
[base_original] live_multiple_43-16-2 n_cand=2 bucket=primitive gold=get_services pred=get_services name_ok=True args_ok=True (838ms)
[base_original] live_multiple_809-176-0 n_cand=2 bucket=primitive gold=Alarm_1_AddAlarm pred=Alarm_1_AddAlarm name_ok=True args_ok=True (891ms)
[base_original] live_multiple_58-22-5 n_cand=4 bucket=primitive gold=inventory_management pred=None name_ok=False args_ok=False (5832ms)
[base_original] live_multiple_960-205-0 n_cand=2 bucket=primitive gold=get_current_weather pred=get_current_weather name_ok=True args_ok=True (1501ms)
[base_original] live_multiple_338-133-2 n_cand=4 bucket=primitive gold=Music_3_LookupMusic pred=Music_3_LookupMusic name_ok=True args_ok=True (1372ms)
[base_original] live_multiple_843-178-18 n_cand=3 bucket=primitive gold=Music_3_LookupMusic pred=Music_3_LookupMusic name_ok=True args_ok=True (1390ms)
[base_original] live_multiple_502-148-12 n_cand=4 bucket=primitive gold=Events_3_FindEvents pred=Events_3_FindEvents name_ok=True args_ok=False (1381ms)
[base_original] live_multiple_902-185-12 n_cand=4 bucket=primitive gold=Payment_1_MakePayment pred=Payment_1_MakePayment name_ok=True args_ok=False (1489ms)
[base_original] live_multiple_864-182-1 n_cand=5 bucket=primitive gold=Movies_1_FindMovies pred=Movies_1_FindMovies name_ok=True args_ok=False (1727ms)
[base_original] live_multiple_802-175-8 n_cand=5 bucket=primitive gold=Weather_1_GetWeather pred=Weather_1_GetWeather name_ok=True args_ok=True (1304ms)
[base_original] live_multiple_385-137-3 n_cand=5 bucket=primitive gold=Services_1_FindProvider pred=Services_1_FindProvider name_ok=True args_ok=True (1408ms)
[base_original] live_multiple_741-168-3 n_cand=5 bucket=primitive gold=Payment_1_MakePayment pred=Payment_1_MakePayment name_ok=True args_ok=False (1229ms)
[base_original] live_multiple_512-150-0 n_cand=5 bucket=primitive gold=Movies_1_FindMovies pred=Movies_1_FindMovies name_ok=True args_ok=True (1330ms)
[base_original] live_multiple_480-146-5 n_cand=2 bucket=primitive gold=Music_3_PlayMedia pred=Music_3_PlayMedia name_ok=True args_ok=True (1277ms)
[base_original] live_multiple_676-163-1 n_cand=3 bucket=primitive gold=Weather_1_GetWeather pred=Weather_1_GetWeather name_ok=True args_ok=True (1029ms)
[base_original] live_multiple_455-145-6 n_cand=5 bucket=primitive gold=Travel_1_FindAttractions pred=Travel_1_FindAttractions name_ok=True args_ok=True (1442ms)
[base_original] live_multiple_532-151-8 n_cand=2 bucket=primitive gold=Events_3_FindEvents pred=Events_3_FindEvents name_ok=True args_ok=True (929ms)
[base_original] live_multiple_271-127-6 n_cand=5 bucket=primitive gold=Weather_1_GetWeather pred=Weather_1_GetWeather name_ok=True args_ok=True (1385ms)
[base_original] live_multiple_145-57-0 n_cand=3 bucket=primitive gold=get_shopping pred=get_shopping name_ok=True args_ok=True (1558ms)
[base_original] live_multiple_245-109-0 n_cand=3 bucket=atomic gold=version_api.VersionApi.get_version pred=version_api.VersionApi.get_version name_ok=True args_ok=True (883ms)
[base_original] live_multiple_303-131-2 n_cand=5 bucket=primitive gold=Hotels_4_SearchHotel pred=Hotels_4_SearchHotel name_ok=True args_ok=True (1793ms)
[base_original] live_multiple_590-157-11 n_cand=3 bucket=primitive gold=Media_3_FindMovies pred=Media_3_FindMovies name_ok=True args_ok=True (955ms)
[base_original] live_multiple_920-191-8 n_cand=2 bucket=primitive gold=get_service_providers pred=get_service_providers name_ok=True args_ok=False (2449ms)
[base_original] live_multiple_327-132-17 n_cand=3 bucket=primitive gold=Movies_3_FindMovies pred=Movies_3_FindMovies name_ok=True args_ok=True (1150ms)
[base_original] live_multiple_234-106-0 n_cand=4 bucket=primitive gold=set_integer pred=set_integer name_ok=True args_ok=True (911ms)
[base_original] live_multiple_393-138-1 n_cand=2 bucket=primitive gold=Services_1_FindProvider pred=Services_1_FindProvider name_ok=True args_ok=True (914ms)
[base_original] live_multiple_399-139-3 n_cand=3 bucket=primitive gold=Events_3_FindEvents pred=Events_3_FindEvents name_ok=True args_ok=True (1019ms)
[base_original] live_multiple_187-82-0 n_cand=2 bucket=primitive gold=quarterly_earnings pred=quarterly_earnings name_ok=True args_ok=True (913ms)
[base_original] live_multiple_24-5-1 n_cand=2 bucket=primitive gold=search_products pred=search_products name_ok=True args_ok=False (1295ms)
[base_original] live_multiple_668-162-10 n_cand=8 bucket=primitive gold=Events_3_FindEvents pred=Events_3_FindEvents name_ok=True args_ok=True (1786ms)
[base_original] live_multiple_500-148-10 n_cand=4 bucket=primitive gold=Events_3_FindEvents pred=Events_3_FindEvents name_ok=True args_ok=True (1726ms)
[base_original] live_multiple_463-145-14 n_cand=5 bucket=primitive gold=Travel_1_FindAttractions pred=Travel_1_FindAttractions name_ok=True args_ok=True (1760ms)
[base_original] live_multiple_400-139-4 n_cand=3 bucket=primitive gold=Events_3_FindEvents pred=Events_3_FindEvents name_ok=True args_ok=True (1046ms)
[base_original] live_multiple_165-65-1 n_cand=4 bucket=primitive gold=get_adriel_list_projects pred=get_adriel_list_projects name_ok=True args_ok=True (1024ms)
[base_original] live_multiple_982-215-6 n_cand=2 bucket=primitive gold=get_service_providers pred=get_service_providers name_ok=True args_ok=True (2187ms)
[base_original] live_multiple_20-4-12 n_cand=5 bucket=primitive gold=ControlAppliance.execute pred=ControlAppliance.execute name_ok=True args_ok=True (1501ms)
[base_original] live_multiple_908-187-0 n_cand=5 bucket=primitive gold=Travel_1_FindAttractions pred=Travel_1_FindAttractions name_ok=True args_ok=True (1267ms)
[base_original] live_multiple_929-191-17 n_cand=2 bucket=primitive gold=get_service_providers pred=get_service_providers name_ok=True args_ok=False (1480ms)
[base_original] live_multiple_797-175-3 n_cand=5 bucket=primitive gold=Weather_1_GetWeather pred=Weather_1_GetWeather name_ok=True args_ok=True (1622ms)
[base_original] live_multiple_100-42-4 n_cand=9 bucket=primitive gold=connect_to_server pred=connect_to_server name_ok=True args_ok=True (1352ms)
[base_original] live_multiple_772-171-5 n_cand=4 bucket=primitive gold=Services_1_FindProvider pred=Services_1_FindProvider name_ok=True args_ok=True (1522ms)
[base_original] live_multiple_184-79-0 n_cand=5 bucket=primitive gold=search_advice pred=finish name_ok=False args_ok=False (996ms)
[base_original] live_multiple_542-152-4 n_cand=4 bucket=primitive gold=Homes_2_FindHomeByArea pred=Homes_2_FindHomeByArea name_ok=True args_ok=True (1387ms)
[base_original] live_multiple_516-150-4 n_cand=5 bucket=primitive gold=Movies_1_FindMovies pred=Movies_1_FindMovies name_ok=True args_ok=True (1645ms)
[base_original] live_multiple_942-196-0 n_cand=2 bucket=primitive gold=play_song pred=play_song name_ok=True args_ok=True (1158ms)
[base_original] live_multiple_206-91-0 n_cand=7 bucket=primitive gold=contact pred=contact name_ok=True args_ok=True (1173ms)
[base_original] live_multiple_88-38-5 n_cand=5 bucket=primitive gold=list_servers pred=list_servers name_ok=True args_ok=True (1085ms)
[base_original] live_multiple_398-139-2 n_cand=3 bucket=primitive gold=Events_3_FindEvents pred=Events_3_FindEvents name_ok=True args_ok=True (1027ms)
[base_original] live_multiple_443-144-3 n_cand=6 bucket=primitive gold=Services_4_FindProvider pred=Services_4_FindProvider name_ok=True args_ok=True (1643ms)
[base_original] live_multiple_192-86-0 n_cand=3 bucket=freetext gold=analyze_image_with_question.pipeline pred=initialize_question_answering_pipeline name_ok=False args_ok=False (1682ms)
[base_original] live_multiple_7-3-2 n_cand=4 bucket=primitive gold=create_workspace pred=create_workspace name_ok=True args_ok=True (990ms)
[base_original] live_multiple_449-145-0 n_cand=5 bucket=primitive gold=Flights_4_SearchRoundtripFlights pred=Flights_4_SearchRoundtripFlights name_ok=True args_ok=True (1741ms)
[base_original] live_multiple_965-207-1 n_cand=2 bucket=freetext gold=transfer_to_human_agent pred=transfer_to_human_agent name_ok=True args_ok=False (2221ms)
[base_original] live_multiple_948-198-0 n_cand=3 bucket=primitive gold=set_alarm pred=None name_ok=False args_ok=False (2364ms)
[base_original] live_multiple_622-160-2 n_cand=2 bucket=primitive gold=Payment_1_MakePayment pred=Payment_1_MakePayment name_ok=True args_ok=False (1229ms)
[base_original] live_multiple_25-6-0 n_cand=9 bucket=freetext gold=recall_memory_search pred=recall_memory_search name_ok=True args_ok=True (1818ms)
[base_original] live_multiple_910-189-0 n_cand=5 bucket=atomic gold=version_api.VersionApi.get_version pred=version_api.VersionApi.get_version name_ok=True args_ok=True (963ms)
[base_original] live_multiple_847-179-1 n_cand=2 bucket=primitive gold=Restaurants_2_ReserveRestaurant pred=Restaurants_2_ReserveRestaurant name_ok=True args_ok=False (1691ms)
[base_original] live_multiple_22-4-14 n_cand=5 bucket=primitive gold=HNA_WQA.search pred=HNA_WQA.search name_ok=True args_ok=True (1551ms)
[base_original] live_multiple_917-191-5 n_cand=2 bucket=primitive gold=view_service_provider_profile pred=view_service_provider_profile name_ok=True args_ok=True (1115ms)
[base_original] live_multiple_189-83-0 n_cand=5 bucket=primitive gold=sendHttpRequest pred=sendHttpRequest name_ok=True args_ok=False (1470ms)
[base_original] live_multiple_602-158-8 n_cand=2 bucket=primitive gold=Hotels_4_SearchHotel pred=Hotels_4_SearchHotel name_ok=True args_ok=True (987ms)
[base_original] live_multiple_138-53-0 n_cand=2 bucket=primitive gold=weather.get pred=weather.get name_ok=True args_ok=True (1213ms)
[base_original] live_multiple_717-165-4 n_cand=3 bucket=primitive gold=Hotels_2_SearchHouse pred=Hotels_2_SearchHouse name_ok=True args_ok=False (1427ms)
[base_original] live_multiple_861-181-2 n_cand=2 bucket=primitive gold=Trains_1_GetTrainTickets pred=Trains_1_GetTrainTickets name_ok=True args_ok=False (1683ms)
[base_original] live_multiple_560-155-0 n_cand=6 bucket=primitive gold=Events_3_FindEvents pred=Events_3_FindEvents name_ok=True args_ok=True (1665ms)
[base_original] live_multiple_856-180-4 n_cand=4 bucket=primitive gold=Buses_3_BuyBusTicket pred=Buses_3_BuyBusTicket name_ok=True args_ok=False (1867ms)
[base_original] live_multiple_1023-252-0 n_cand=4 bucket=atomic gold=version_api.VersionApi.get_version pred=version_api.VersionApi.get_version name_ok=True args_ok=True (1100ms)
[base_original] live_multiple_700-164-16 n_cand=3 bucket=primitive gold=Movies_3_FindMovies pred=Movies_3_FindMovies name_ok=True args_ok=True (1039ms)
[base_original] live_multiple_308-131-7 n_cand=5 bucket=primitive gold=Hotels_4_SearchHotel pred=Hotels_4_SearchHotel name_ok=True args_ok=True (1445ms)
[base_original] live_multiple_782-173-4 n_cand=3 bucket=primitive gold=Services_4_FindProvider pred=Services_4_FindProvider name_ok=True args_ok=True (985ms)
[base_original] live_multiple_384-137-2 n_cand=5 bucket=primitive gold=Services_1_FindProvider pred=Services_1_FindProvider name_ok=True args_ok=True (1387ms)
[base_original] live_multiple_866-182-3 n_cand=5 bucket=primitive gold=Movies_1_FindMovies pred=Movies_1_GetTimesForMovie name_ok=False args_ok=False (2055ms)
[base_original] live_multiple_194-87-1 n_cand=3 bucket=primitive gold=CalcProduct pred=CalcProduct name_ok=True args_ok=True (864ms)
[base_original] live_multiple_492-148-2 n_cand=4 bucket=primitive gold=Events_3_FindEvents pred=Events_3_FindEvents name_ok=True args_ok=True (1088ms)
[base_original] live_multiple_128-50-0 n_cand=5 bucket=primitive gold=generate_human_image pred=generate_image name_ok=False args_ok=False (1865ms)
[base_original] live_multiple_608-159-1 n_cand=4 bucket=primitive gold=Events_3_FindEvents pred=Events_3_FindEvents name_ok=True args_ok=True (1115ms)
[base_original] live_multiple_342-133-6 n_cand=4 bucket=primitive gold=Music_3_LookupMusic pred=Music_3_LookupMusic name_ok=True args_ok=False (1720ms)
[base_original] live_multiple_273-127-8 n_cand=5 bucket=primitive gold=Weather_1_GetWeather pred=Weather_1_GetWeather name_ok=True args_ok=True (1393ms)
[base_original] live_multiple_569-155-9 n_cand=6 bucket=primitive gold=Events_3_FindEvents pred=Events_3_FindEvents name_ok=True args_ok=True (2016ms)
[base_original] live_multiple_141-54-1 n_cand=2 bucket=primitive gold=stock_price.get pred=stock_price.get name_ok=True args_ok=True (889ms)
[base_original] live_multiple_179-75-1 n_cand=5 bucket=primitive gold=HNA_NEWS.search pred=HNA_NEWS.search name_ok=True args_ok=True (1496ms)
[base_original] live_multiple_368-134-13 n_cand=3 bucket=primitive gold=Movies_3_FindMovies pred=Movies_3_FindMovies name_ok=True args_ok=True (1050ms)
[base_original] live_multiple_687-164-3 n_cand=3 bucket=primitive gold=Movies_3_FindMovies pred=Movies_3_FindMovies name_ok=True args_ok=True (1334ms)
[base_original] live_multiple_874-182-11 n_cand=5 bucket=primitive gold=Movies_1_FindMovies pred=Movies_1_FindMovies name_ok=True args_ok=True (1706ms)
[base_original] live_multiple_748-169-3 n_cand=5 bucket=primitive gold=Media_3_FindMovies pred=Media_3_FindMovies name_ok=True args_ok=True (1566ms)
[base_original] live_multiple_994-225-0 n_cand=3 bucket=primitive gold=EventSettingsApi.restore_mobile_app_alert_config pred=EventSettingsApi.restore_mobile_app_alert_config name_ok=True args_ok=True (1222ms)
[base_original] live_multiple_232-104-1 n_cand=3 bucket=primitive gold=get_contact_information pred=get_contact_information name_ok=True args_ok=True (925ms)
[base_original] live_multiple_631-160-11 n_cand=2 bucket=primitive gold=Payment_1_RequestPayment pred=Payment_1_RequestPayment name_ok=True args_ok=False (1253ms)
[base_original] live_multiple_424-141-13 n_cand=3 bucket=freetext gold=Movies_1_FindMovies pred=Movies_1_FindMovies name_ok=True args_ok=False (1428ms)
[base_original] live_multiple_660-162-2 n_cand=8 bucket=primitive gold=Events_3_FindEvents pred=Events_3_FindEvents name_ok=True args_ok=False (2092ms)
[base_original] live_multiple_780-173-2 n_cand=3 bucket=primitive gold=Services_4_FindProvider pred=Services_4_FindProvider name_ok=True args_ok=True (967ms)
[base_original] live_multiple_363-134-8 n_cand=3 bucket=primitive gold=Movies_3_FindMovies pred=Movies_3_FindMovies name_ok=True args_ok=False (1393ms)
[base_original] live_multiple_346-133-10 n_cand=4 bucket=primitive gold=Music_3_LookupMusic pred=Music_3_LookupMusic name_ok=True args_ok=True (1378ms)
[base_original] live_multiple_731-167-2 n_cand=4 bucket=primitive gold=Homes_2_FindHomeByArea pred=Homes_2_FindHomeByArea name_ok=True args_ok=True (2102ms)
[base_original] live_multiple_115-45-0 n_cand=5 bucket=primitive gold=analysis_api.AnalysisApi.retrieve_analysis pred=analysis_api.AnalysisApi.retrieve_analysis name_ok=True args_ok=True (1362ms)
[base_original] live_multiple_503-149-0 n_cand=4 bucket=primitive gold=Flights_4_SearchOnewayFlight pred=Flights_4_SearchOnewayFlight name_ok=True args_ok=True (1661ms)
[base_original] live_multiple_646-161-14 n_cand=6 bucket=primitive gold=Music_3_LookupMusic pred=Music_3_LookupMusic name_ok=True args_ok=True (1214ms)
[base_original] live_multiple_585-157-6 n_cand=3 bucket=primitive gold=Media_3_FindMovies pred=Media_3_FindMovies name_ok=True args_ok=True (952ms)
[base_original] live_multiple_722-165-9 n_cand=3 bucket=primitive gold=Hotels_2_SearchHouse pred=Hotels_2_SearchHouse name_ok=True args_ok=True (1115ms)
[base_original] live_multiple_198-90-0 n_cand=7 bucket=atomic gold=adriel_contact pred=adriel_contact name_ok=True args_ok=True (1060ms)
[base_original] live_multiple_884-184-1 n_cand=5 bucket=primitive gold=Buses_3_FindBus pred=Buses_3_FindBus name_ok=True args_ok=False (2053ms)
[base_original] live_multiple_907-186-4 n_cand=4 bucket=primitive gold=Trains_1_FindTrains pred=None name_ok=False args_ok=False (4141ms)
[base_original] live_multiple_880-183-5 n_cand=6 bucket=primitive gold=Travel_1_FindAttractions pred=Travel_1_FindAttractions name_ok=True args_ok=True (2034ms)
[base_original] live_multiple_1007-236-0 n_cand=3 bucket=primitive gold=software_versions pred=software_versions name_ok=True args_ok=True (918ms)
[base_original] live_multiple_1010-239-0 n_cand=3 bucket=primitive gold=CustomDashboardsApi.get_custom_dashboards pred=CustomDashboardsApi.get_custom_dashboards name_ok=True args_ok=True (900ms)
[base_original] live_multiple_389-137-7 n_cand=5 bucket=primitive gold=Services_1_FindProvider pred=Services_1_FindProvider name_ok=True args_ok=True (1417ms)
[base_original] live_multiple_575-156-1 n_cand=5 bucket=primitive gold=Services_1_FindProvider pred=Services_1_FindProvider name_ok=True args_ok=True (1193ms)
[base_original] live_multiple_821-177-4 n_cand=4 bucket=primitive gold=Events_3_FindEvents pred=None name_ok=False args_ok=False (2522ms)
[base_original] live_multiple_629-160-9 n_cand=2 bucket=primitive gold=Payment_1_MakePayment pred=Payment_1_MakePayment name_ok=True args_ok=False (1234ms)
[base_original] live_multiple_164-65-0 n_cand=4 bucket=primitive gold=get_detail_adriel_project pred=get_detail_adriel_project name_ok=True args_ok=True (1021ms)
[base_original] live_multiple_621-160-1 n_cand=2 bucket=primitive gold=Payment_1_MakePayment pred=Payment_1_MakePayment name_ok=True args_ok=False (1262ms)
[base_original] live_multiple_244-108-0 n_cand=5 bucket=atomic gold=version_api.VersionApi.get_version pred=version_api.VersionApi.get_version name_ok=True args_ok=True (962ms)
[base_original] live_multiple_418-141-7 n_cand=3 bucket=primitive gold=Movies_1_BuyMovieTickets pred=Movies_1_BuyMovieTickets name_ok=True args_ok=True (1415ms)
[base_original] live_multiple_163-64-0 n_cand=3 bucket=primitive gold=get_detail_adriel_project pred=get_detail_adriel_project name_ok=True args_ok=True (940ms)
[base_original] live_multiple_320-132-10 n_cand=3 bucket=primitive gold=Movies_3_FindMovies pred=Movies_3_FindMovies name_ok=True args_ok=True (1161ms)
[base_original] live_multiple_131-50-3 n_cand=5 bucket=primitive gold=multilingual_llm pred=multilingual_llm name_ok=True args_ok=True (1519ms)
[base_original] live_multiple_576-156-2 n_cand=5 bucket=primitive gold=Services_1_FindProvider pred=Services_1_FindProvider name_ok=True args_ok=True (1512ms)
[base_original] live_multiple_955-202-1 n_cand=2 bucket=primitive gold=uber.eat.order pred=uber.eat.order name_ok=True args_ok=False (1540ms)
[base_original] live_multiple_651-161-19 n_cand=6 bucket=primitive gold=Music_3_PlayMedia pred=Music_3_PlayMedia name_ok=True args_ok=True (1885ms)
[base_original] live_multiple_937-193-0 n_cand=3 bucket=freetext gold=acl_api.AclApi.retrieve_projects pred=acl_api.AclApi.retrieve_projects name_ok=True args_ok=True (1209ms)
[base_original] live_multiple_51-21-0 n_cand=4 bucket=primitive gold=order_status_check pred=order_status_check name_ok=True args_ok=True (1025ms)
[base_original] live_multiple_370-134-15 n_cand=3 bucket=primitive gold=Movies_3_FindMovies pred=Movies_3_FindMovies name_ok=True args_ok=True (1068ms)
[base_original] live_multiple_914-191-2 n_cand=2 bucket=primitive gold=view_service_provider_profile pred=None name_ok=False args_ok=False (1868ms)
[base_original] live_multiple_54-22-1 n_cand=4 bucket=primitive gold=inventory_management pred=None name_ok=False args_ok=False (5862ms)
[base_original] live_multiple_1013-242-0 n_cand=3 bucket=primitive gold=get_synthetic_locations pred=get_synthetic_locations name_ok=True args_ok=True (1250ms)
[base_original] live_multiple_589-157-10 n_cand=3 bucket=primitive gold=Media_3_FindMovies pred=Media_3_FindMovies name_ok=True args_ok=True (952ms)
[base_original] live_multiple_511-149-8 n_cand=4 bucket=primitive gold=Flights_4_SearchOnewayFlight pred=Flights_4_SearchOnewayFlight name_ok=True args_ok=True (1686ms)
[base_original] live_multiple_210-91-4 n_cand=7 bucket=primitive gold=detail_experience_and_education pred=detail_experience_and_education name_ok=True args_ok=True (1519ms)
[base_original] live_multiple_1006-235-0 n_cand=3 bucket=primitive gold=get_monitoring_state pred=get_monitoring_state name_ok=True args_ok=True (1201ms)
[base_original] live_multiple_410-140-6 n_cand=3 bucket=freetext gold=RideSharing_2_GetRide pred=None name_ok=False args_ok=False (3149ms)
[base_original] live_multiple_354-133-18 n_cand=4 bucket=primitive gold=Music_3_LookupMusic pred=Music_3_LookupMusic name_ok=True args_ok=True (1387ms)
[base_original] live_multiple_891-185-1 n_cand=4 bucket=primitive gold=Payment_1_RequestPayment pred=Payment_1_RequestPayment name_ok=True args_ok=False (1161ms)
[base_original] live_multiple_848-179-2 n_cand=2 bucket=primitive gold=Restaurants_2_FindRestaurants pred=Restaurants_2_FindRestaurants name_ok=True args_ok=True (1356ms)
[base_original] live_multiple_685-164-1 n_cand=3 bucket=primitive gold=Movies_3_FindMovies pred=Movies_3_FindMovies name_ok=True args_ok=True (1348ms)
[base_original] live_multiple_584-157-5 n_cand=3 bucket=freetext gold=Media_3_FindMovies pred=Media_3_FindMovies name_ok=True args_ok=False (965ms)
[base_original] live_multiple_755-169-10 n_cand=5 bucket=primitive gold=Media_3_FindMovies pred=Media_3_FindMovies name_ok=True args_ok=False (1926ms)
[base_original] live_multiple_508-149-5 n_cand=4 bucket=primitive gold=Flights_4_SearchOnewayFlight pred=Flights_4_SearchOnewayFlight name_ok=True args_ok=True (1670ms)
[base_original] live_multiple_650-161-18 n_cand=6 bucket=primitive gold=Music_3_LookupMusic pred=Music_3_LookupMusic name_ok=True args_ok=True (1532ms)
[base_original] live_multiple_898-185-8 n_cand=4 bucket=primitive gold=Payment_1_MakePayment pred=Payment_1_MakePayment name_ok=True args_ok=False (1481ms)
[base_original] live_multiple_1014-243-0 n_cand=3 bucket=primitive gold=get_identity_provider_patch pred=get_identity_provider_patch name_ok=True args_ok=True (1012ms)
[base_original] live_multiple_157-60-0 n_cand=2 bucket=primitive gold=get_adriel_projects pred=get_adriel_projects name_ok=True args_ok=True (1198ms)
[base_original] live_multiple_667-162-9 n_cand=8 bucket=primitive gold=Events_3_FindEvents pred=Events_3_FindEvents name_ok=True args_ok=True (1769ms)
[base_original] live_multiple_1025-254-0 n_cand=3 bucket=primitive gold=MaintenanceConfigurationApi.get_maintenance_config pred=MaintenanceConfigurationApi.get_maintenance_config name_ok=True args_ok=True (861ms)
[base_original] live_multiple_465-145-16 n_cand=5 bucket=primitive gold=Flights_4_SearchOnewayFlight pred=Flights_4_SearchOnewayFlight name_ok=True args_ok=False (2720ms)
[base_original] live_multiple_679-163-4 n_cand=3 bucket=primitive gold=Weather_1_GetWeather pred=Weather_1_GetWeather name_ok=True args_ok=True (1037ms)
[base_original] live_multiple_737-167-8 n_cand=4 bucket=primitive gold=Homes_2_FindHomeByArea pred=Homes_2_FindHomeByArea name_ok=True args_ok=True (1454ms)
[base_original] live_multiple_4-2-1 n_cand=2 bucket=primitive gold=uber.ride pred=uber.ride name_ok=True args_ok=True (1234ms)
[base_original] live_multiple_665-162-7 n_cand=8 bucket=primitive gold=Events_3_FindEvents pred=Events_3_FindEvents name_ok=True args_ok=False (2086ms)
[base_original] live_multiple_159-62-0 n_cand=2 bucket=freetext gold=get_detail_adriel_projects pred=get_detail_adriel_projects name_ok=True args_ok=True (883ms)
[base_original] live_multiple_495-148-5 n_cand=4 bucket=primitive gold=Events_3_FindEvents pred=Events_3_FindEvents name_ok=True args_ok=True (1392ms)
[base_original] live_multiple_635-161-3 n_cand=6 bucket=primitive gold=Music_3_LookupMusic pred=Music_3_LookupMusic name_ok=True args_ok=True (1524ms)
[base_original] live_multiple_844-178-19 n_cand=3 bucket=primitive gold=Music_3_LookupMusic pred=Music_3_LookupMusic name_ok=True args_ok=True (1388ms)
[base_original] live_multiple_883-184-0 n_cand=5 bucket=primitive gold=Buses_3_FindBus pred=Buses_3_FindBus name_ok=True args_ok=True (1682ms)
[base_original] live_multiple_1034-262-0 n_cand=3 bucket=primitive gold=audit_log_api.AuditLogApi.get_access_logs pred=audit_log_api.AuditLogApi.get_access_logs name_ok=True args_ok=True (972ms)
[base_original] live_multiple_230-103-1 n_cand=3 bucket=primitive gold=get_contact_information pred=get_contact_information name_ok=True args_ok=True (919ms)
[base_original] live_multiple_124-47-0 n_cand=6 bucket=freetext gold=duck_duck_go pred=None name_ok=False args_ok=False (1332ms)
[base_original] live_multiple_150-58-4 n_cand=4 bucket=primitive gold=get_sensor_readings_latest pred=None name_ok=False args_ok=False (4599ms)
[base_original] live_multiple_31-10-1 n_cand=6 bucket=primitive gold=duck_duck_go.search pred=None name_ok=False args_ok=False (2501ms)
[base_original] live_multiple_483-146-8 n_cand=2 bucket=primitive gold=Music_3_LookupMusic pred=Music_3_LookupMusic name_ok=True args_ok=True (1333ms)
[base_original] live_multiple_771-171-4 n_cand=4 bucket=primitive gold=Services_1_FindProvider pred=Services_1_FindProvider name_ok=True args_ok=True (1229ms)
[base_original] live_multiple_118-45-3 n_cand=5 bucket=atomic gold=version_api.VersionApi.get_version pred=version_api.VersionApi.get_version name_ok=True args_ok=True (1012ms)
[base_original] live_multiple_93-41-0 n_cand=7 bucket=primitive gold=add_postgres_server pred=add_postgres_server name_ok=True args_ok=True (1756ms)
[base_original] live_multiple_986-217-0 n_cand=5 bucket=atomic gold=version_api.VersionApi.get_version pred=version_api.VersionApi.get_version name_ok=True args_ok=True (995ms)
[base_original] live_multiple_1050-277-0 n_cand=3 bucket=primitive gold=Weather_1_GetWeather pred=Weather_1_GetWeather name_ok=True args_ok=True (1025ms)
[base_original] live_multiple_248-112-0 n_cand=5 bucket=atomic gold=version_api.VersionApi.get_version pred=version_api.VersionApi.get_version name_ok=True args_ok=True (1042ms)
[base_original] live_multiple_474-145-25 n_cand=5 bucket=primitive gold=Travel_1_FindAttractions pred=Travel_1_FindAttractions name_ok=True args_ok=True (1744ms)
[base_original] live_multiple_23-5-0 n_cand=2 bucket=primitive gold=search_products pred=search_products name_ok=True args_ok=True (1279ms)
[base_original] live_multiple_550-152-12 n_cand=4 bucket=primitive gold=Homes_2_FindHomeByArea pred=Homes_2_FindHomeByArea name_ok=True args_ok=True (1711ms)
[base_original] live_multiple_352-133-16 n_cand=4 bucket=primitive gold=Music_3_LookupMusic pred=Music_3_LookupMusic name_ok=True args_ok=True (1706ms)
[base_original] live_multiple_394-138-2 n_cand=2 bucket=primitive gold=Services_1_FindProvider pred=None name_ok=False args_ok=False (1927ms)
[base_original] live_multiple_698-164-14 n_cand=3 bucket=primitive gold=Movies_3_FindMovies pred=Movies_3_FindMovies name_ok=True args_ok=True (1017ms)
[base_original] live_multiple_614-159-7 n_cand=4 bucket=primitive gold=Events_3_FindEvents pred=Events_3_FindEvents name_ok=True args_ok=True (1445ms)
[base_original] live_multiple_642-161-10 n_cand=6 bucket=primitive gold=Music_3_LookupMusic pred=Music_3_LookupMusic name_ok=True args_ok=True (1526ms)
[base_original] live_multiple_14-4-6 n_cand=5 bucket=primitive gold=ControlAppliance.execute pred=ControlAppliance.execute name_ok=True args_ok=True (1532ms)
[base_original] live_multiple_423-141-12 n_cand=3 bucket=primitive gold=Movies_1_BuyMovieTickets pred=Movies_1_GetTimesForMovie name_ok=False args_ok=False (1751ms)
[base_original] live_multiple_490-148-0 n_cand=4 bucket=primitive gold=Events_3_FindEvents pred=Events_3_FindEvents name_ok=True args_ok=True (1076ms)
[base_original] live_multiple_65-26-1 n_cand=3 bucket=primitive gold=get_current_weather pred=get_current_weather name_ok=True args_ok=True (944ms)
[base_original] live_multiple_16-4-8 n_cand=5 bucket=primitive gold=HNA_NEWS.search pred=HNA_NEWS.search name_ok=True args_ok=True (1500ms)
[base_original] live_multiple_823-177-6 n_cand=4 bucket=primitive gold=Events_3_BuyEventTickets pred=Events_3_BuyEventTickets name_ok=True args_ok=False (1468ms)
[base_original] live_multiple_633-161-1 n_cand=6 bucket=primitive gold=Music_3_LookupMusic pred=Music_3_LookupMusic name_ok=True args_ok=True (1217ms)
[base_original] live_multiple_429-141-18 n_cand=3 bucket=primitive gold=Movies_1_BuyMovieTickets pred=Movies_1_BuyMovieTickets name_ok=True args_ok=True (1398ms)
[base_original] live_multiple_958-204-0 n_cand=3 bucket=primitive gold=partner.sips pred=partner.sips name_ok=True args_ok=True (889ms)
[base_original] live_multiple_932-191-20 n_cand=2 bucket=primitive gold=view_service_provider_profile pred=view_service_provider_profile name_ok=True args_ok=True (1130ms)
[base_original] live_multiple_591-157-12 n_cand=3 bucket=primitive gold=Media_3_FindMovies pred=Media_3_FindMovies name_ok=True args_ok=True (953ms)
[base_original] live_multiple_37-13-0 n_cand=3 bucket=primitive gold=todo_delete pred=todo_delete name_ok=True args_ok=True (912ms)
[base_original] live_multiple_988-219-0 n_cand=3 bucket=primitive gold=EventSettingsApi.get_event_specification_infos_by_ids pred=EventSettingsApi.get_event_specification_infos_by_ids name_ok=True args_ok=False (1491ms)
[base_original] live_multiple_829-178-4 n_cand=3 bucket=primitive gold=Music_3_PlayMedia pred=Music_3_PlayMedia name_ok=True args_ok=True (1028ms)
[base_original] live_multiple_91-40-1 n_cand=5 bucket=primitive gold=add_postgres_server pred=add_postgres_server name_ok=True args_ok=True (1400ms)
[base_original] live_multiple_375-134-20 n_cand=3 bucket=primitive gold=Movies_3_FindMovies pred=Movies_3_FindMovies name_ok=True args_ok=True (1038ms)
[base_original] live_multiple_525-151-1 n_cand=2 bucket=primitive gold=Events_3_FindEvents pred=Events_3_FindEvents name_ok=True args_ok=True (1275ms)
[base_original] live_multiple_997-228-0 n_cand=3 bucket=primitive gold=usage_api.UsageApi.get_hosts_per_day pred=usage_api.UsageApi.get_hosts_per_day name_ok=True args_ok=True (964ms)
[base_original] live_multiple_405-140-1 n_cand=3 bucket=primitive gold=RideSharing_2_GetRide pred=RideSharing_2_GetRide name_ok=True args_ok=False (1361ms)
[base_original] live_multiple_21-4-13 n_cand=5 bucket=primitive gold=cookbook.search_recipe pred=cookbook.search_recipe name_ok=True args_ok=True (1503ms)
[base_original] live_multiple_107-43-5 n_cand=10 bucket=primitive gold=list_files pred=list_files name_ok=True args_ok=True (1677ms)
[base_original] live_multiple_215-91-9 n_cand=7 bucket=primitive gold=experiences_and_education pred=experiences_and_education name_ok=True args_ok=True (2170ms)
[base_original] live_multiple_538-152-0 n_cand=4 bucket=primitive gold=Homes_2_FindHomeByArea pred=Homes_2_FindHomeByArea name_ok=True args_ok=True (1370ms)
[base_original] live_multiple_451-145-2 n_cand=5 bucket=primitive gold=Flights_4_SearchRoundtripFlights pred=Flights_4_SearchRoundtripFlights name_ok=True args_ok=True (1775ms)
[base_original] live_multiple_743-168-5 n_cand=5 bucket=primitive gold=Payment_1_MakePayment pred=Payment_1_MakePayment name_ok=True args_ok=False (1222ms)
[base_original] live_multiple_860-181-1 n_cand=2 bucket=primitive gold=Trains_1_FindTrains pred=Trains_1_FindTrains name_ok=True args_ok=True (1305ms)
[base_original] live_multiple_1042-269-0 n_cand=5 bucket=primitive gold=Weather_1_GetWeather pred=Weather_1_GetWeather name_ok=True args_ok=True (1381ms)
[base_original] live_multiple_754-169-9 n_cand=5 bucket=primitive gold=Media_3_FindMovies pred=Media_3_FindMovies name_ok=True args_ok=True (1263ms)
[base_original] live_multiple_671-162-13 n_cand=8 bucket=primitive gold=Events_3_FindEvents pred=Events_3_FindEvents name_ok=True args_ok=True (1777ms)
[base_original] live_multiple_10-4-2 n_cand=5 bucket=primitive gold=ControlAppliance.execute pred=ControlAppliance.execute name_ok=True args_ok=True (1509ms)
[base_original] live_multiple_366-134-11 n_cand=3 bucket=primitive gold=Movies_3_FindMovies pred=Movies_3_FindMovies name_ok=True args_ok=True (1035ms)
[base_original] live_multiple_935-192-0 n_cand=2 bucket=primitive gold=set_countdown pred=set_countdown name_ok=True args_ok=True (889ms)
[base_original] live_multiple_242-107-3 n_cand=6 bucket=freetext gold=tts_tool pred=tts_tool name_ok=True args_ok=False (3735ms)
[base_original] live_multiple_887-184-4 n_cand=5 bucket=primitive gold=Buses_3_FindBus pred=Buses_3_FindBus name_ok=True args_ok=True (1682ms)
[base_original] live_multiple_666-162-8 n_cand=8 bucket=primitive gold=Events_3_FindEvents pred=Events_3_FindEvents name_ok=True args_ok=False (5366ms)
[base_original] live_multiple_767-171-0 n_cand=4 bucket=primitive gold=Services_1_FindProvider pred=Services_1_FindProvider name_ok=True args_ok=True (1224ms)
[base_original] live_multiple_757-169-12 n_cand=5 bucket=primitive gold=Media_3_FindMovies pred=Media_3_FindMovies name_ok=True args_ok=True (1257ms)
[base_original] live_multiple_592-157-13 n_cand=3 bucket=primitive gold=Media_3_FindMovies pred=Media_3_FindMovies name_ok=True args_ok=True (957ms)
[base_original] live_multiple_395-138-3 n_cand=2 bucket=primitive gold=Services_1_FindProvider pred=Services_1_FindProvider name_ok=True args_ok=True (1227ms)
[base_original] live_multiple_606-158-12 n_cand=2 bucket=primitive gold=Hotels_4_SearchHotel pred=Hotels_4_SearchHotel name_ok=True args_ok=True (1306ms)
[base_original] live_multiple_300-130-9 n_cand=2 bucket=primitive gold=Hotels_2_SearchHouse pred=Hotels_2_SearchHouse name_ok=True args_ok=True (1294ms)
[base_original] live_multiple_820-177-3 n_cand=4 bucket=primitive gold=Events_3_FindEvents pred=Events_3_FindEvents name_ok=True args_ok=True (1149ms)
[base_original] live_multiple_783-173-5 n_cand=3 bucket=primitive gold=Services_4_FindProvider pred=Services_4_FindProvider name_ok=True args_ok=True (1326ms)
[base_original] live_multiple_216-92-0 n_cand=2 bucket=primitive gold=find_flights pred=None name_ok=False args_ok=False (2636ms)
[base_original] live_multiple_256-120-0 n_cand=3 bucket=freetext gold=vex_api.VexApi.export_project_as_cyclone_dx1 pred=vex_api.VexApi.export_project_as_cyclone_dx1 name_ok=True args_ok=True (1603ms)
[base_original] live_multiple_218-94-0 n_cand=3 bucket=primitive gold=get_sensor_readings_history_by_interval pred=get_sensor_readings_history_by_interval name_ok=True args_ok=False (2052ms)
[base_original] live_multiple_819-177-2 n_cand=4 bucket=primitive gold=Events_3_FindEvents pred=Events_3_FindEvents name_ok=True args_ok=False (1475ms)
[base_original] live_multiple_1002-232-1 n_cand=3 bucket=primitive gold=api_token_api.APITokenApi.get_api_tokens pred=api_token_api.APITokenApi.get_api_tokens name_ok=True args_ok=True (933ms)
[base_original] live_multiple_430-141-19 n_cand=3 bucket=primitive gold=Movies_1_BuyMovieTickets pred=Movies_1_BuyMovieTickets name_ok=True args_ok=True (1405ms)
[base_original] live_multiple_442-144-2 n_cand=6 bucket=primitive gold=Services_4_FindProvider pred=Services_4_FindProvider name_ok=True args_ok=True (1316ms)
[base_original] live_multiple_227-101-0 n_cand=5 bucket=freetext gold=project_api.ProjectApi.get_children_projects_by_tag pred=project_api.ProjectApi.get_children_projects_by_tag name_ok=True args_ok=True (1378ms)
[base_original] live_multiple_1049-276-0 n_cand=7 bucket=primitive gold=Trains_1_FindTrains pred=Trains_1_FindTrains name_ok=True args_ok=True (2236ms)
[base_original] live_multiple_763-170-1 n_cand=2 bucket=primitive gold=Buses_3_FindBus pred=Buses_3_FindBus name_ok=True args_ok=True (1647ms)
[base_original] live_multiple_790-174-4 n_cand=2 bucket=primitive gold=Homes_2_FindHomeByArea pred=Homes_2_FindHomeByArea name_ok=True args_ok=True (1280ms)
[base_original] live_multiple_963-206-0 n_cand=2 bucket=primitive gold=GET_PARCEL_STATE pred=None name_ok=False args_ok=False (3593ms)
[base_original] live_multiple_114-44-1 n_cand=9 bucket=primitive gold=add_postgres_server pred=add_postgres_server name_ok=True args_ok=True (1655ms)
[base_original] live_multiple_796-175-2 n_cand=5 bucket=primitive gold=Weather_1_GetWeather pred=Weather_1_GetWeather name_ok=True args_ok=True (1305ms)
[base_original] live_multiple_97-42-1 n_cand=9 bucket=primitive gold=connect_to_server pred=connect_to_server name_ok=True args_ok=True (1374ms)
[base_original] live_multiple_177-74-0 n_cand=2 bucket=primitive gold=get_trip pred=get_trip name_ok=True args_ok=True (871ms)
[base_original] live_multiple_812-176-3 n_cand=2 bucket=primitive gold=Alarm_1_AddAlarm pred=Alarm_1_AddAlarm name_ok=True args_ok=True (883ms)
[base_original] live_multiple_0-0-0 n_cand=2 bucket=primitive gold=ChaDri.change_drink pred=ChaDri.change_drink name_ok=True args_ok=False (1297ms)
[base_original] live_multiple_747-169-2 n_cand=5 bucket=primitive gold=Media_3_FindMovies pred=Media_3_FindMovies name_ok=True args_ok=True (1253ms)
[base_original] live_multiple_761-169-16 n_cand=5 bucket=primitive gold=Media_3_FindMovies pred=Media_3_FindMovies name_ok=True args_ok=True (1256ms)
[base_original] live_multiple_318-132-8 n_cand=3 bucket=primitive gold=Movies_3_FindMovies pred=Movies_3_FindMovies name_ok=True args_ok=True (1140ms)
[base_original] live_multiple_905-186-2 n_cand=4 bucket=primitive gold=Trains_1_GetTrainTickets pred=Trains_1_GetTrainTickets name_ok=True args_ok=False (1864ms)
[base_original] live_multiple_944-196-2 n_cand=2 bucket=primitive gold=set_volume pred=set_volume name_ok=True args_ok=True (874ms)
[base_original] live_multiple_835-178-10 n_cand=3 bucket=primitive gold=Music_3_LookupMusic pred=Music_3_LookupMusic name_ok=True args_ok=False (1404ms)
[base_original] live_multiple_725-166-0 n_cand=3 bucket=primitive gold=Services_1_FindProvider pred=Services_1_FindProvider name_ok=True args_ok=True (944ms)
[base_original] live_multiple_921-191-9 n_cand=2 bucket=primitive gold=get_service_providers pred=get_service_providers name_ok=True args_ok=False (1791ms)
[base_original] live_multiple_750-169-5 n_cand=5 bucket=primitive gold=Media_3_FindMovies pred=Media_3_FindMovies name_ok=True args_ok=False (1614ms)
[base_original] live_multiple_816-176-7 n_cand=2 bucket=primitive gold=Alarm_1_AddAlarm pred=Alarm_1_AddAlarm name_ok=True args_ok=True (871ms)
[base_original] live_multiple_527-151-3 n_cand=2 bucket=primitive gold=Events_3_FindEvents pred=Events_3_FindEvents name_ok=True args_ok=True (1250ms)
[base_original] live_multiple_111-43-9 n_cand=10 bucket=primitive gold=dartfx_help pred=dartfx_help name_ok=True args_ok=True (1390ms)
[base_original] live_multiple_619-159-12 n_cand=4 bucket=primitive gold=Events_3_FindEvents pred=Events_3_FindEvents name_ok=True args_ok=True (1437ms)
[base_original] live_multiple_1045-272-0 n_cand=3 bucket=primitive gold=Services_4_FindProvider pred=Services_4_FindProvider name_ok=True args_ok=True (1352ms)
[base_original] live_multiple_708-164-24 n_cand=3 bucket=primitive gold=Movies_3_FindMovies pred=Movies_3_FindMovies name_ok=True args_ok=True (1030ms)
[base_original] live_multiple_289-129-4 n_cand=3 bucket=primitive gold=Services_4_FindProvider pred=Services_4_FindProvider name_ok=True args_ok=True (1012ms)
[base_original] live_multiple_324-132-14 n_cand=3 bucket=primitive gold=Movies_3_FindMovies pred=Movies_3_FindMovies name_ok=True args_ok=True (1145ms)
[base_original] live_multiple_805-175-11 n_cand=5 bucket=primitive gold=Weather_1_GetWeather pred=Weather_1_GetWeather name_ok=True args_ok=True (1293ms)
[base_original] live_multiple_407-140-3 n_cand=3 bucket=freetext gold=RideSharing_2_GetRide pred=RideSharing_2_GetRide name_ok=True args_ok=True (1051ms)
[base_original] live_multiple_34-11-0 n_cand=2 bucket=primitive gold=get_news_report pred=get_news_report name_ok=True args_ok=True (1184ms)
[base_original] live_multiple_534-151-10 n_cand=2 bucket=primitive gold=Events_3_FindEvents pred=Events_3_FindEvents name_ok=True args_ok=True (1253ms)
[base_original] live_multiple_505-149-2 n_cand=4 bucket=primitive gold=Flights_4_SearchOnewayFlight pred=Flights_4_SearchOnewayFlight name_ok=True args_ok=False (1684ms)
[base_original] live_multiple_228-102-0 n_cand=5 bucket=primitive gold=analysis_api.AnalysisApi.retrieve_analysis pred=analysis_api.AnalysisApi.retrieve_analysis name_ok=True args_ok=True (1328ms)
[base_original] live_multiple_117-45-2 n_cand=5 bucket=atomic gold=version_api.VersionApi.get_version pred=version_api.VersionApi.get_version name_ok=True args_ok=True (1015ms)
[base_original] live_multiple_689-164-5 n_cand=3 bucket=primitive gold=Movies_3_FindMovies pred=Movies_3_FindMovies name_ok=True args_ok=True (1355ms)
[base_original] live_multiple_33-10-3 n_cand=6 bucket=primitive gold=multiply pred=None name_ok=False args_ok=False (3065ms)
[base_original] live_multiple_85-38-2 n_cand=5 bucket=primitive gold=add_mtnards_server pred=add_mtnards_server name_ok=True args_ok=True (1417ms)
[base_original] live_multiple_612-159-5 n_cand=4 bucket=primitive gold=Events_3_FindEvents pred=Events_3_FindEvents name_ok=True args_ok=True (1438ms)
[base_original] live_multiple_845-178-20 n_cand=3 bucket=primitive gold=Music_3_LookupMusic pred=Music_3_PlayMedia name_ok=False args_ok=False (1738ms)
[base_original] live_multiple_867-182-4 n_cand=5 bucket=primitive gold=Movies_1_FindMovies pred=Movies_1_FindMovies name_ok=True args_ok=True (1696ms)
[base_original] live_multiple_610-159-3 n_cand=4 bucket=primitive gold=Events_3_FindEvents pred=Events_3_FindEvents name_ok=True args_ok=False (1434ms)
[base_original] live_multiple_475-146-0 n_cand=2 bucket=primitive gold=Music_3_LookupMusic pred=Music_3_LookupMusic name_ok=True args_ok=True (1306ms)
[base_original] live_multiple_444-144-4 n_cand=6 bucket=primitive gold=Services_4_FindProvider pred=Services_4_FindProvider name_ok=True args_ok=True (1640ms)
[base_original] live_multiple_136-52-0 n_cand=2 bucket=primitive gold=weather.get_weather pred=weather.get_weather name_ok=True args_ok=True (876ms)
[base_original] live_multiple_68-29-0 n_cand=2 bucket=primitive gold=add_postgres_server pred=add_postgres_server name_ok=True args_ok=True (1216ms)
[base_original] live_multiple_1005-234-0 n_cand=3 bucket=primitive gold=host_agent_api.HostAgentApi.get_agent_snapshot pred=host_agent_api.HostAgentApi.get_agent_snapshot name_ok=True args_ok=True (1256ms)
[base_original] live_multiple_995-226-0 n_cand=3 bucket=primitive gold=events_api.EventsApi.kubernetes_info_events pred=events_api.EventsApi.kubernetes_info_events name_ok=True args_ok=True (1482ms)
[base_original] live_multiple_1024-253-0 n_cand=3 bucket=primitive gold=find_infra_alert_config_versions pred=find_infra_alert_config_versions name_ok=True args_ok=True (1349ms)
[base_original] live_multiple_252-116-0 n_cand=3 bucket=atomic gold=version_api.VersionApi.get_version pred=version_api.VersionApi.get_version name_ok=True args_ok=True (899ms)
[base_original] live_multiple_946-196-4 n_cand=2 bucket=freetext gold=play_song pred=play_song name_ok=True args_ok=True (1219ms)
[base_original] live_multiple_507-149-4 n_cand=4 bucket=primitive gold=Flights_4_SearchOnewayFlight pred=Flights_4_SearchOnewayFlight name_ok=True args_ok=False (1678ms)
[base_original] live_multiple_654-161-22 n_cand=6 bucket=primitive gold=Music_3_LookupMusic pred=Music_3_LookupMusic name_ok=True args_ok=True (1228ms)
[base_original] live_multiple_531-151-7 n_cand=2 bucket=primitive gold=Events_3_FindEvents pred=Events_3_FindEvents name_ok=True args_ok=True (916ms)
[base_original] live_multiple_90-40-0 n_cand=5 bucket=primitive gold=add_mtnards_server pred=add_mtnards_server name_ok=True args_ok=True (1414ms)
[base_original] live_multiple_849-179-3 n_cand=2 bucket=primitive gold=Restaurants_2_FindRestaurants pred=Restaurants_2_FindRestaurants name_ok=True args_ok=True (1056ms)
[base_original] live_multiple_690-164-6 n_cand=3 bucket=primitive gold=Movies_3_FindMovies pred=Movies_3_FindMovies name_ok=True args_ok=True (1021ms)
[base_original] live_multiple_779-173-1 n_cand=3 bucket=primitive gold=Services_4_FindProvider pred=Services_4_FindProvider name_ok=True args_ok=True (955ms)
[base_original] live_multiple_73-33-0 n_cand=3 bucket=primitive gold=add_postgres_server pred=add_postgres_server name_ok=True args_ok=True (1298ms)
[base_original] live_multiple_92-40-2 n_cand=5 bucket=primitive gold=list_servers pred=list_servers name_ok=True args_ok=True (1048ms)
[base_original] live_multiple_1022-251-0 n_cand=3 bucket=primitive gold=get_hosts_per_month pred=get_hosts_per_month name_ok=True args_ok=True (1226ms)
[base_original] live_multiple_939-194-1 n_cand=4 bucket=primitive gold=set_alarm pred=set_alarm name_ok=True args_ok=True (1390ms)
[base_original] live_multiple_13-4-5 n_cand=5 bucket=primitive gold=OpenWeatherMap.get_current_weather pred=OpenWeatherMap.get_current_weather name_ok=True args_ok=True (1542ms)
[base_original] live_multiple_396-139-0 n_cand=3 bucket=primitive gold=Events_3_FindEvents pred=Events_3_FindEvents name_ok=True args_ok=True (1041ms)
[base_original] live_multiple_415-141-4 n_cand=3 bucket=primitive gold=Movies_1_BuyMovieTickets pred=Movies_1_BuyMovieTickets name_ok=True args_ok=True (1419ms)
[base_original] live_multiple_808-175-14 n_cand=5 bucket=primitive gold=Weather_1_GetWeather pred=Weather_1_GetWeather name_ok=True args_ok=True (1626ms)
[base_original] live_multiple_837-178-12 n_cand=3 bucket=primitive gold=Music_3_PlayMedia pred=Music_3_PlayMedia name_ok=True args_ok=True (1727ms)
[base_original] live_multiple_954-202-0 n_cand=2 bucket=primitive gold=flight.status.check pred=flight.status.check name_ok=True args_ok=True (919ms)
[base_original] live_multiple_339-133-3 n_cand=4 bucket=primitive gold=Music_3_LookupMusic pred=Music_3_LookupMusic name_ok=True args_ok=True (2082ms)
[base_original] live_multiple_414-141-3 n_cand=3 bucket=primitive gold=Movies_1_FindMovies pred=Movies_1_FindMovies name_ok=True args_ok=True (1087ms)
[base_original] live_multiple_922-191-10 n_cand=2 bucket=primitive gold=get_service_providers pred=None name_ok=False args_ok=False (2494ms)
[base_original] live_multiple_435-142-1 n_cand=6 bucket=primitive gold=RentalCars_3_GetCarsAvailable pred=RentalCars_3_GetCarsAvailable name_ok=True args_ok=True (1974ms)
[base_original] live_multiple_267-127-2 n_cand=5 bucket=primitive gold=Weather_1_GetWeather pred=Weather_1_GetWeather name_ok=True args_ok=True (1687ms)
[base_original] live_multiple_661-162-3 n_cand=8 bucket=primitive gold=Events_3_FindEvents pred=Events_3_FindEvents name_ok=True args_ok=True (1758ms)
[base_original] live_multiple_990-221-0 n_cand=3 bucket=primitive gold=releases_api.ReleasesApi.delete_release pred=releases_api.ReleasesApi.delete_release name_ok=True args_ok=True (882ms)
[base_original] live_multiple_557-154-3 n_cand=4 bucket=primitive gold=RentalCars_3_GetCarsAvailable pred=RentalCars_3_GetCarsAvailable name_ok=True args_ok=True (1782ms)
[base_original] live_multiple_479-146-4 n_cand=2 bucket=primitive gold=Music_3_LookupMusic pred=Music_3_LookupMusic name_ok=True args_ok=True (1306ms)
[base_original] live_multiple_154-58-8 n_cand=4 bucket=primitive gold=get_sensor_alerts pred=get_sensor_alerts name_ok=True args_ok=False (1956ms)
[base_original] live_multiple_643-161-11 n_cand=6 bucket=primitive gold=Music_3_LookupMusic pred=Music_3_LookupMusic name_ok=True args_ok=True (1218ms)
[base_original] live_multiple_121-46-0 n_cand=3 bucket=primitive gold=get_headway pred=get_headway name_ok=True args_ok=False (2464ms)
[base_original] live_multiple_822-177-5 n_cand=4 bucket=primitive gold=Events_3_FindEvents pred=Events_3_FindEvents name_ok=True args_ok=True (1143ms)
[base_original] live_multiple_657-161-25 n_cand=6 bucket=primitive gold=Music_3_PlayMedia pred=Music_3_PlayMedia name_ok=True args_ok=True (1216ms)
[base_original] live_multiple_195-87-2 n_cand=3 bucket=primitive gold=getCurrentTime pred=getCurrentTime name_ok=True args_ok=True (877ms)
[base_original] live_multiple_250-114-0 n_cand=3 bucket=atomic gold=version_api.VersionApi.get_version pred=version_api.VersionApi.get_version name_ok=True args_ok=True (900ms)
[base_original] live_multiple_627-160-7 n_cand=2 bucket=primitive gold=Payment_1_MakePayment pred=Payment_1_MakePayment name_ok=True args_ok=False (919ms)
[base_original] live_multiple_196-88-0 n_cand=2 bucket=primitive gold=get_tickets pred=get_tickets name_ok=True args_ok=True (1144ms)
[base_original] live_multiple_1004-233-0 n_cand=3 bucket=primitive gold=audit_log_api.AuditLogApi.get_access_logs pred=audit_log_api.AuditLogApi.get_access_logs name_ok=True args_ok=True (984ms)
[base_original] live_multiple_425-141-14 n_cand=3 bucket=primitive gold=Movies_1_BuyMovieTickets pred=Movies_1_GetTimesForMovie name_ok=False args_ok=False (1761ms)
[base_original] live_multiple_125-47-1 n_cand=6 bucket=primitive gold=multiply pred=None name_ok=False args_ok=False (2628ms)
[base_original] live_multiple_659-162-1 n_cand=8 bucket=primitive gold=Events_3_FindEvents pred=Events_3_FindEvents name_ok=True args_ok=True (2064ms)
[base_original] live_multiple_597-158-3 n_cand=2 bucket=primitive gold=Hotels_4_SearchHotel pred=Hotels_4_SearchHotel name_ok=True args_ok=True (977ms)
[base_original] live_multiple_1041-268-0 n_cand=3 bucket=primitive gold=get_sensor_readings_history_by_interval pred=get_sensor_readings_history_by_interval name_ok=True args_ok=False (2078ms)
[base_original] live_multiple_488-147-3 n_cand=7 bucket=primitive gold=Trains_1_FindTrains pred=Trains_1_FindTrains name_ok=True args_ok=False (1928ms)
[base_original] live_multiple_573-155-13 n_cand=6 bucket=primitive gold=Events_3_FindEvents pred=Events_3_FindEvents name_ok=True args_ok=True (1344ms)
[base_original] live_multiple_369-134-14 n_cand=3 bucket=primitive gold=Movies_3_FindMovies pred=Movies_3_FindMovies name_ok=True args_ok=True (1032ms)
[base_original] live_multiple_1043-270-0 n_cand=5 bucket=primitive gold=Weather_1_GetWeather pred=Weather_1_GetWeather name_ok=True args_ok=True (1702ms)
[base_original] live_multiple_401-139-5 n_cand=3 bucket=primitive gold=Events_3_FindEvents pred=Events_3_FindEvents name_ok=True args_ok=True (1039ms)
[base_original] live_multiple_208-91-2 n_cand=7 bucket=primitive gold=list_projects pred=list_projects name_ok=True args_ok=True (1506ms)
[base_original] live_multiple_934-191-22 n_cand=2 bucket=primitive gold=get_service_providers pred=get_service_providers name_ok=True args_ok=False (1824ms)
[base_original] live_multiple_12-4-4 n_cand=5 bucket=primitive gold=HNA_WQA.search pred=None name_ok=False args_ok=False (5596ms)
[base_original] live_multiple_496-148-6 n_cand=4 bucket=primitive gold=Events_3_FindEvents pred=Events_3_FindEvents name_ok=True args_ok=True (1071ms)
[base_original] live_multiple_987-218-0 n_cand=5 bucket=atomic gold=version_api.VersionApi.get_version pred=version_api.VersionApi.get_version name_ok=True args_ok=True (1006ms)
[base_original] live_multiple_566-155-6 n_cand=6 bucket=primitive gold=Events_3_FindEvents pred=Events_3_FindEvents name_ok=True args_ok=True (2005ms)
[base_original] live_multiple_759-169-14 n_cand=5 bucket=primitive gold=Media_3_FindMovies pred=Media_3_FindMovies name_ok=True args_ok=True (1261ms)
[base_original] live_multiple_647-161-15 n_cand=6 bucket=primitive gold=Music_3_LookupMusic pred=Music_3_LookupMusic name_ok=True args_ok=True (1527ms)
[base_original] live_multiple_969-210-1 n_cand=2 bucket=freetext gold=uber.eat.order pred=uber.eat.order name_ok=True args_ok=False (1587ms)
[base_original] live_multiple_1020-249-0 n_cand=3 bucket=primitive gold=delete_apdex_configuration pred=get_all_apdex_configurations name_ok=False args_ok=False (1221ms)
[base_original] live_multiple_609-159-2 n_cand=4 bucket=primitive gold=Events_3_FindEvents pred=Events_3_FindEvents name_ok=True args_ok=True (1132ms)
[base_original] live_multiple_119-45-4 n_cand=5 bucket=atomic gold=version_api.VersionApi.get_version pred=version_api.VersionApi.get_version name_ok=True args_ok=True (1014ms)
[base_original] live_multiple_17-4-9 n_cand=5 bucket=primitive gold=cookbook.search_recipe pred=cookbook.search_recipe name_ok=True args_ok=True (1826ms)
[base_original] live_multiple_984-215-8 n_cand=2 bucket=primitive gold=get_service_providers pred=view_service_provider_profile name_ok=False args_ok=False (1177ms)
[base_original] live_multiple_863-182-0 n_cand=5 bucket=primitive gold=Movies_1_FindMovies pred=Movies_1_FindMovies name_ok=True args_ok=True (1385ms)
[base_original] live_multiple_464-145-15 n_cand=5 bucket=primitive gold=Travel_1_FindAttractions pred=Travel_1_FindAttractions name_ok=True args_ok=True (1768ms)
[base_original] live_multiple_83-38-0 n_cand=5 bucket=primitive gold=list_servers pred=list_servers name_ok=True args_ok=True (1044ms)
[base_original] live_multiple_896-185-6 n_cand=4 bucket=primitive gold=Payment_1_MakePayment pred=Payment_1_MakePayment name_ok=True args_ok=False (1171ms)
[base_original] live_multiple_146-58-0 n_cand=4 bucket=primitive gold=get_sensor_readings_latest pred=get_sensor_readings_latest name_ok=True args_ok=False (1960ms)
[base_original] live_multiple_930-191-18 n_cand=2 bucket=primitive gold=get_service_providers pred=get_service_providers name_ok=True args_ok=True (1115ms)
[base_original] live_multiple_933-191-21 n_cand=2 bucket=primitive gold=get_service_providers pred=get_service_providers name_ok=True args_ok=True (2151ms)
[base_original] live_multiple_695-164-11 n_cand=3 bucket=primitive gold=Movies_3_FindMovies pred=Movies_3_FindMovies name_ok=True args_ok=True (1360ms)
[base_original] live_multiple_254-118-0 n_cand=3 bucket=primitive gold=BadgeApi.get_project_policy_violations_badge1 pred=BadgeApi.get_project_policy_violations_badge1 name_ok=True args_ok=True (892ms)
[base_original] live_multiple_296-130-5 n_cand=2 bucket=primitive gold=Hotels_2_SearchHouse pred=Hotels_2_SearchHouse name_ok=True args_ok=False (1287ms)
[base_original] live_multiple_353-133-17 n_cand=4 bucket=primitive gold=Music_3_LookupMusic pred=Music_3_LookupMusic name_ok=True args_ok=False (1416ms)
[base_original] live_multiple_663-162-5 n_cand=8 bucket=primitive gold=Events_3_FindEvents pred=Events_3_FindEvents name_ok=True args_ok=True (1768ms)
[base_original] live_multiple_201-90-3 n_cand=7 bucket=primitive gold=adriel_contact pred=adriel_contact name_ok=True args_ok=True (1075ms)
[base_original] live_multiple_825-178-0 n_cand=3 bucket=primitive gold=Music_3_LookupMusic pred=Music_3_LookupMusic name_ok=True args_ok=True (1364ms)
[base_original] live_multiple_568-155-8 n_cand=6 bucket=primitive gold=Events_3_FindEvents pred=Events_3_FindEvents name_ok=True args_ok=True (1366ms)
[base_original] live_multiple_416-141-5 n_cand=3 bucket=primitive gold=Movies_1_FindMovies pred=Movies_1_FindMovies name_ok=True args_ok=True (1421ms)
[base_original] live_multiple_137-52-1 n_cand=2 bucket=primitive gold=stock_price.get pred=stock_price.get name_ok=True args_ok=True (864ms)
[base_original] live_multiple_865-182-2 n_cand=5 bucket=primitive gold=Movies_1_FindMovies pred=Movies_1_FindMovies name_ok=True args_ok=True (1704ms)
[base_original] live_multiple_172-71-1 n_cand=6 bucket=primitive gold=get_adriel_list_projects pred=get_adriel_list_projects name_ok=True args_ok=True (1183ms)
[base_original] live_multiple_439-143-0 n_cand=5 bucket=primitive gold=Trains_1_FindTrains pred=Trains_1_FindTrains name_ok=True args_ok=True (1902ms)
[base_original] live_multiple_258-122-0 n_cand=3 bucket=primitive gold=project_api.ProjectApi.get_project_by_name_and_version pred=project_api.ProjectApi.get_project_by_name_and_version name_ok=True args_ok=True (1218ms)
[base_original] live_multiple_702-164-18 n_cand=3 bucket=primitive gold=Movies_3_FindMovies pred=Movies_3_FindMovies name_ok=True args_ok=True (1040ms)
[base_original] live_multiple_229-103-0 n_cand=3 bucket=primitive gold=get_contact_information pred=get_contact_information name_ok=True args_ok=True (908ms)
[base_original] live_multiple_312-132-2 n_cand=3 bucket=primitive gold=Movies_3_FindMovies pred=Movies_3_FindMovies name_ok=True args_ok=True (1149ms)
[base_original] live_multiple_233-105-0 n_cand=3 bucket=primitive gold=get_contact_information pred=get_contact_information name_ok=True args_ok=True (892ms)
[base_original] live_multiple_918-191-6 n_cand=2 bucket=primitive gold=get_service_providers pred=get_service_providers name_ok=True args_ok=True (1809ms)
[base_original] live_multiple_714-165-1 n_cand=3 bucket=primitive gold=Hotels_2_SearchHouse pred=Hotels_2_SearchHouse name_ok=True args_ok=True (1106ms)
[base_original] live_multiple_775-172-0 n_cand=2 bucket=primitive gold=RentalCars_3_GetCarsAvailable pred=RentalCars_3_GetCarsAvailable name_ok=True args_ok=True (1334ms)
[base_original] live_multiple_881-183-6 n_cand=6 bucket=primitive gold=Travel_1_FindAttractions pred=Travel_1_FindAttractions name_ok=True args_ok=True (1715ms)
[base_original] live_multiple_432-141-21 n_cand=3 bucket=freetext gold=Movies_1_BuyMovieTickets pred=Movies_1_BuyMovieTickets name_ok=True args_ok=True (1417ms)
[base_original] live_multiple_79-36-0 n_cand=4 bucket=primitive gold=dartfx_help pred=None name_ok=False args_ok=False (2350ms)
[base_original] live_multiple_127-49-0 n_cand=3 bucket=freetext gold=search_engine.query pred=search_engine.query name_ok=True args_ok=True (1747ms)
[base_original] live_multiple_693-164-9 n_cand=3 bucket=primitive gold=Movies_3_FindMovies pred=Movies_3_FindMovies name_ok=True args_ok=True (1352ms)
[base_original] live_multiple_440-144-0 n_cand=6 bucket=primitive gold=Services_4_FindProvider pred=Services_4_FindProvider name_ok=True args_ok=True (1324ms)
[base_original] live_multiple_716-165-3 n_cand=3 bucket=primitive gold=Hotels_2_SearchHouse pred=Hotels_2_SearchHouse name_ok=True args_ok=True (1083ms)
[base_original] live_multiple_162-63-1 n_cand=4 bucket=primitive gold=get_detail_adriel_project pred=get_detail_adriel_project name_ok=True args_ok=True (1016ms)
[base_original] live_multiple_853-180-1 n_cand=4 bucket=primitive gold=Buses_3_BuyBusTicket pred=Buses_3_BuyBusTicket name_ok=True args_ok=False (1561ms)
[base_original] live_multiple_624-160-4 n_cand=2 bucket=primitive gold=Payment_1_RequestPayment pred=Payment_1_RequestPayment name_ok=True args_ok=False (1231ms)
[base_original] live_multiple_976-215-0 n_cand=2 bucket=primitive gold=get_service_providers pred=get_service_providers name_ok=True args_ok=False (1846ms)
[base_original] live_multiple_292-130-1 n_cand=2 bucket=primitive gold=Hotels_2_SearchHouse pred=Hotels_2_SearchHouse name_ok=True args_ok=True (984ms)
[base_original] live_multiple_740-168-2 n_cand=5 bucket=primitive gold=Payment_1_MakePayment pred=Payment_1_MakePayment name_ok=True args_ok=False (1533ms)
[base_original] live_multiple_9-4-1 n_cand=5 bucket=primitive gold=HNA_WQA.search pred=None name_ok=False args_ok=False (6552ms)
[base_original] live_multiple_706-164-22 n_cand=3 bucket=primitive gold=Movies_3_FindMovies pred=Movies_3_FindMovies name_ok=True args_ok=True (1025ms)
[base_original] live_multiple_795-175-1 n_cand=5 bucket=primitive gold=Weather_1_GetWeather pred=Weather_1_GetWeather name_ok=True args_ok=True (1306ms)
[base_original] live_multiple_170-70-0 n_cand=5 bucket=freetext gold=get_adriel_detail_experience_and_education pred=get_adriel_detail_experience_and_education name_ok=True args_ok=True (1734ms)
[base_original] live_multiple_696-164-12 n_cand=3 bucket=primitive gold=Movies_3_FindMovies pred=Movies_3_FindMovies name_ok=True args_ok=True (1349ms)
[base_original] live_multiple_781-173-3 n_cand=3 bucket=primitive gold=Services_4_FindProvider pred=Services_4_FindProvider name_ok=True args_ok=True (1287ms)
[base_original] live_multiple_632-161-0 n_cand=6 bucket=primitive gold=Music_3_LookupMusic pred=Music_3_LookupMusic name_ok=True args_ok=True (1563ms)
[base_original] live_multiple_332-132-22 n_cand=3 bucket=primitive gold=Movies_3_FindMovies pred=Movies_3_FindMovies name_ok=True args_ok=True (1495ms)
[base_original] live_multiple_436-142-2 n_cand=6 bucket=primitive gold=RentalCars_3_GetCarsAvailable pred=RentalCars_3_GetCarsAvailable name_ok=True args_ok=True (2294ms)
[base_original] live_multiple_804-175-10 n_cand=5 bucket=primitive gold=Weather_1_GetWeather pred=Weather_1_GetWeather name_ok=True args_ok=True (1307ms)
[base_original] live_multiple_57-22-4 n_cand=4 bucket=primitive gold=get_product_details pred=None name_ok=False args_ok=False (6558ms)
[base_original] live_multiple_949-199-0 n_cand=2 bucket=primitive gold=play_song pred=play_song name_ok=True args_ok=True (926ms)
[base_original] live_multiple_102-43-0 n_cand=10 bucket=primitive gold=list_files pred=list_files name_ok=True args_ok=True (1356ms)
[base_original] live_multiple_325-132-15 n_cand=3 bucket=primitive gold=Movies_3_FindMovies pred=Movies_3_FindMovies name_ok=True args_ok=True (1153ms)
[base_original] live_multiple_161-63-0 n_cand=4 bucket=primitive gold=get_detail_adriel_project pred=get_detail_adriel_project name_ok=True args_ok=True (1010ms)
[base_original] live_multiple_901-185-11 n_cand=4 bucket=primitive gold=Payment_1_MakePayment pred=Payment_1_MakePayment name_ok=True args_ok=False (1472ms)
[base_original] live_multiple_272-127-7 n_cand=5 bucket=primitive gold=Weather_1_GetWeather pred=Weather_1_GetWeather name_ok=True args_ok=True (1358ms)
[base_original] live_multiple_1011-240-0 n_cand=3 bucket=primitive gold=get_synthetic_credential_names pred=get_synthetic_credential_names name_ok=True args_ok=True (898ms)
[base_original] live_multiple_968-210-0 n_cand=2 bucket=freetext gold=uber.ride pred=uber.ride name_ok=True args_ok=True (929ms)
[base_original] live_multiple_996-227-0 n_cand=3 bucket=primitive gold=add_service_config pred=add_service_config name_ok=True args_ok=False (1274ms)
[base_original] live_multiple_176-73-0 n_cand=9 bucket=primitive gold=recall_memory_search pred=recall_memory_search name_ok=True args_ok=False (2328ms)
[base_original] live_multiple_554-154-0 n_cand=4 bucket=primitive gold=RentalCars_3_GetCarsAvailable pred=RentalCars_3_GetCarsAvailable name_ok=True args_ok=False (1824ms)
[base_original] live_multiple_594-158-0 n_cand=2 bucket=primitive gold=Hotels_4_SearchHotel pred=Hotels_4_SearchHotel name_ok=True args_ok=True (1297ms)
[base_original] live_multiple_644-161-12 n_cand=6 bucket=primitive gold=Music_3_LookupMusic pred=Music_3_LookupMusic name_ok=True args_ok=True (1217ms)
[base_original] live_multiple_989-220-0 n_cand=3 bucket=primitive gold=get_websites pred=get_websites name_ok=True args_ok=True (853ms)
[base_original] live_multiple_87-38-4 n_cand=5 bucket=primitive gold=list_servers pred=list_servers name_ok=True args_ok=False (1047ms)
[base_original] live_multiple_476-146-1 n_cand=2 bucket=primitive gold=Music_3_LookupMusic pred=Music_3_LookupMusic name_ok=True args_ok=True (991ms)
[base_original] live_multiple_913-191-1 n_cand=2 bucket=primitive gold=get_service_providers pred=get_service_providers name_ok=True args_ok=True (1821ms)
[base_original] live_multiple_539-152-1 n_cand=4 bucket=primitive gold=Homes_2_FindHomeByArea pred=Homes_2_FindHomeByArea name_ok=True args_ok=True (1392ms)
[base_original] live_multiple_454-145-5 n_cand=5 bucket=primitive gold=Travel_1_FindAttractions pred=Travel_1_FindAttractions name_ok=True args_ok=False (1769ms)
[base_original] live_multiple_329-132-19 n_cand=3 bucket=primitive gold=Movies_3_FindMovies pred=Movies_3_FindMovies name_ok=True args_ok=True (1471ms)
[base_original] live_multiple_478-146-3 n_cand=2 bucket=primitive gold=Music_3_LookupMusic pred=Music_3_LookupMusic name_ok=True args_ok=True (989ms)
[base_original] live_multiple_1031-259-0 n_cand=3 bucket=primitive gold=get_custom_dashboard pred=get_custom_dashboard name_ok=True args_ok=True (1193ms)
[base_original] live_multiple_193-87-0 n_cand=3 bucket=primitive gold=CalcProduct pred=CalcProduct name_ok=True args_ok=True (866ms)
[base_original] live_multiple_417-141-6 n_cand=3 bucket=primitive gold=Movies_1_FindMovies pred=Movies_1_FindMovies name_ok=True args_ok=True (1094ms)
[base_original] live_multiple_697-164-13 n_cand=3 bucket=primitive gold=Movies_3_FindMovies pred=Movies_3_FindMovies name_ok=True args_ok=True (1017ms)
[base_original] live_multiple_536-151-12 n_cand=2 bucket=primitive gold=Events_3_FindEvents pred=Events_3_FindEvents name_ok=True args_ok=True (1259ms)
[base_original] live_multiple_634-161-2 n_cand=6 bucket=primitive gold=Music_3_LookupMusic pred=Music_3_LookupMusic name_ok=True args_ok=True (2187ms)
[base_original] live_multiple_403-139-7 n_cand=3 bucket=primitive gold=Events_3_FindEvents pred=Events_3_FindEvents name_ok=True args_ok=False (1319ms)
[base_original] live_multiple_345-133-9 n_cand=4 bucket=primitive gold=Music_3_LookupMusic pred=Music_3_LookupMusic name_ok=True args_ok=True (1388ms)
[base_original] live_multiple_648-161-16 n_cand=6 bucket=primitive gold=Music_3_LookupMusic pred=Music_3_LookupMusic name_ok=True args_ok=True (1202ms)
[base_original] live_multiple_800-175-6 n_cand=5 bucket=primitive gold=Weather_1_GetWeather pred=Weather_1_GetWeather name_ok=True args_ok=True (1318ms)
[base_original] live_multiple_264-126-1 n_cand=2 bucket=primitive gold=EventQuery pred=EventQuery name_ok=True args_ok=False (1221ms)
[base_original] live_multiple_916-191-4 n_cand=2 bucket=primitive gold=get_service_providers pred=get_service_providers name_ok=True args_ok=True (1153ms)
[base_original] live_multiple_99-42-3 n_cand=9 bucket=primitive gold=connect_to_server pred=connect_to_server name_ok=True args_ok=True (1355ms)
[base_original] live_multiple_501-148-11 n_cand=4 bucket=primitive gold=Events_3_FindEvents pred=Events_3_FindEvents name_ok=True args_ok=True (1100ms)
[base_original] live_multiple_482-146-7 n_cand=2 bucket=primitive gold=Music_3_LookupMusic pred=Music_3_LookupMusic name_ok=True args_ok=True (1298ms)
[base_original] live_multiple_108-43-6 n_cand=10 bucket=primitive gold=list_servers pred=list_servers name_ok=True args_ok=True (1351ms)
[base_original] live_multiple_130-50-2 n_cand=5 bucket=freetext gold=english_llm pred=None name_ok=False args_ok=False (5130ms)
[base_original] live_multiple_413-141-2 n_cand=3 bucket=primitive gold=Movies_1_BuyMovieTickets pred=Movies_1_BuyMovieTickets name_ok=True args_ok=True (1419ms)
[base_original] live_multiple_543-152-5 n_cand=4 bucket=primitive gold=Homes_2_FindHomeByArea pred=Homes_2_FindHomeByArea name_ok=True args_ok=True (1383ms)
[base_original] live_multiple_925-191-13 n_cand=2 bucket=primitive gold=view_service_provider_profile pred=view_service_provider_profile name_ok=True args_ok=True (1109ms)
[base_original] live_multiple_383-137-1 n_cand=5 bucket=primitive gold=Services_1_FindProvider pred=Services_1_FindProvider name_ok=True args_ok=True (1403ms)
[base_original] live_multiple_457-145-8 n_cand=5 bucket=primitive gold=Travel_1_FindAttractions pred=Travel_1_FindAttractions name_ok=True args_ok=True (1729ms)
[base_original] live_multiple_528-151-4 n_cand=2 bucket=primitive gold=Events_3_FindEvents pred=Events_3_FindEvents name_ok=True args_ok=True (1265ms)
[base_original] live_multiple_773-171-6 n_cand=4 bucket=primitive gold=Services_1_FindProvider pred=Services_1_FindProvider name_ok=True args_ok=True (1222ms)
[base_original] live_multiple_1018-247-0 n_cand=3 bucket=primitive gold=website_configuration_api.get_websites pred=website_configuration_api.get_websites name_ok=True args_ok=True (1199ms)
[base_original] live_multiple_630-160-10 n_cand=2 bucket=primitive gold=Payment_1_RequestPayment pred=Payment_1_RequestPayment name_ok=True args_ok=False (925ms)
[base_original] live_multiple_926-191-14 n_cand=2 bucket=primitive gold=get_service_providers pred=get_service_providers name_ok=True args_ok=True (2152ms)
[base_original] live_multiple_421-141-10 n_cand=3 bucket=primitive gold=Movies_1_FindMovies pred=None name_ok=False args_ok=False (3111ms)
[base_original] live_multiple_364-134-9 n_cand=3 bucket=primitive gold=Movies_3_FindMovies pred=Movies_3_FindMovies name_ok=True args_ok=True (1042ms)
[base_original] live_multiple_623-160-3 n_cand=2 bucket=primitive gold=Payment_1_RequestPayment pred=Payment_1_RequestPayment name_ok=True args_ok=False (912ms)
[base_original] live_multiple_587-157-8 n_cand=3 bucket=primitive gold=Media_3_FindMovies pred=Media_3_FindMovies name_ok=True args_ok=True (935ms)
[base_original] live_multiple_456-145-7 n_cand=5 bucket=primitive gold=Travel_1_FindAttractions pred=Travel_1_FindAttractions name_ok=True args_ok=True (1753ms)
[base_original] live_multiple_915-191-3 n_cand=2 bucket=primitive gold=get_service_providers pred=get_service_providers name_ok=True args_ok=False (1810ms)
[base_original] live_multiple_246-110-0 n_cand=3 bucket=atomic gold=version_api.VersionApi.get_version pred=version_api.VersionApi.get_version name_ok=True args_ok=True (822ms)
[base_original] live_multiple_652-161-20 n_cand=6 bucket=primitive gold=Music_3_PlayMedia pred=Music_3_LookupMusic name_ok=False args_ok=False (1862ms)
[base_original] live_multiple_558-154-4 n_cand=4 bucket=primitive gold=RentalCars_3_GetCarsAvailable pred=RentalCars_3_GetCarsAvailable name_ok=True args_ok=False (1802ms)
[base_original] live_multiple_3-2-0 n_cand=2 bucket=primitive gold=api.weather pred=api.weather name_ok=True args_ok=True (864ms)
[base_original] live_multiple_760-169-15 n_cand=5 bucket=primitive gold=Media_3_FindMovies pred=Media_3_FindMovies name_ok=True args_ok=True (1264ms)
[base_original] live_multiple_469-145-20 n_cand=5 bucket=primitive gold=Travel_1_FindAttractions pred=Travel_1_FindAttractions name_ok=True args_ok=True (1743ms)
[base_original] live_multiple_180-76-0 n_cand=10 bucket=primitive gold=order_processing.handle_order pred=order_processing.handle_order name_ok=True args_ok=False (3054ms)
[base_original] live_multiple_281-128-4 n_cand=3 bucket=primitive gold=Restaurants_2_FindRestaurants pred=Restaurants_2_FindRestaurants name_ok=True args_ok=True (1428ms)
[base_original] live_multiple_373-134-18 n_cand=3 bucket=primitive gold=Movies_3_FindMovies pred=Movies_3_FindMovies name_ok=True args_ok=True (1050ms)
[base_original] live_multiple_301-131-0 n_cand=5 bucket=primitive gold=Hotels_4_SearchHotel pred=Hotels_4_SearchHotel name_ok=True args_ok=True (1456ms)
[base_original] live_multiple_331-132-21 n_cand=3 bucket=primitive gold=Movies_3_FindMovies pred=Movies_3_FindMovies name_ok=True args_ok=True (1443ms)
[base_original] live_multiple_188-82-1 n_cand=2 bucket=primitive gold=holdings.get_13F_HR pred=holdings.get_13F_HR name_ok=True args_ok=True (903ms)
[base_original] live_multiple_815-176-6 n_cand=2 bucket=primitive gold=Alarm_1_AddAlarm pred=Alarm_1_AddAlarm name_ok=True args_ok=True (883ms)
[base_original] live_multiple_765-170-3 n_cand=2 bucket=primitive gold=Buses_3_FindBus pred=Buses_3_FindBus name_ok=True args_ok=True (1322ms)
[base_original] live_multiple_586-157-7 n_cand=3 bucket=primitive gold=Media_3_FindMovies pred=Media_3_FindMovies name_ok=True args_ok=True (948ms)
[base_original] live_multiple_727-166-2 n_cand=3 bucket=primitive gold=Services_1_BookAppointment pred=Services_1_BookAppointment name_ok=True args_ok=False (1277ms)
[base_original] live_multiple_225-99-0 n_cand=5 bucket=atomic gold=version_api.VersionApi.get_version pred=version_api.VersionApi.get_version name_ok=True args_ok=True (917ms)
[base_original] live_multiple_36-12-0 n_cand=2 bucket=primitive gold=todo_add pred=todo_add name_ok=True args_ok=True (825ms)
[base_original] live_multiple_559-154-5 n_cand=4 bucket=primitive gold=RentalCars_3_GetCarsAvailable pred=RentalCars_3_GetCarsAvailable name_ok=True args_ok=True (1495ms)
[base_original] live_multiple_123-46-2 n_cand=3 bucket=primitive gold=get_time_to_collision pred=get_time_to_collision name_ok=True args_ok=False (1517ms)
[base_original] live_multiple_1015-244-0 n_cand=3 bucket=primitive gold=audit_log_api.AuditLogApi.get_access_logs pred=audit_log_api.AuditLogApi.get_access_logs name_ok=True args_ok=True (920ms)
[base_original] live_multiple_736-167-7 n_cand=4 bucket=primitive gold=Homes_2_FindHomeByArea pred=Homes_2_FindHomeByArea name_ok=True args_ok=True (1794ms)
[base_original] live_multiple_738-168-0 n_cand=5 bucket=primitive gold=Payment_1_MakePayment pred=Payment_1_MakePayment name_ok=True args_ok=True (1530ms)
[base_original] live_multiple_8-4-0 n_cand=5 bucket=primitive gold=cookbook.search_recipe pred=cookbook.search_recipe name_ok=True args_ok=True (1533ms)
[base_original] live_multiple_294-130-3 n_cand=2 bucket=primitive gold=Hotels_2_SearchHouse pred=Hotels_2_SearchHouse name_ok=True args_ok=True (1317ms)
[base_original] live_multiple_1051-278-0 n_cand=2 bucket=primitive gold=set_alarm pred=set_alarm name_ok=True args_ok=True (1307ms)
[base_original] live_multiple_378-135-2 n_cand=2 bucket=primitive gold=Services_4_FindProvider pred=Services_4_FindProvider name_ok=True args_ok=True (904ms)
[base_original] live_multiple_419-141-8 n_cand=3 bucket=primitive gold=Movies_1_FindMovies pred=Movies_1_FindMovies name_ok=True args_ok=True (1413ms)
[base_original] live_multiple_1017-246-0 n_cand=3 bucket=primitive gold=events_api.EventsApi.get_event pred=events_api.EventsApi.get_event name_ok=True args_ok=True (818ms)
[base_original] live_multiple_297-130-6 n_cand=2 bucket=primitive gold=Hotels_2_SearchHouse pred=Hotels_2_SearchHouse name_ok=True args_ok=True (1285ms)
[base_original] live_multiple_625-160-5 n_cand=2 bucket=primitive gold=Payment_1_MakePayment pred=Payment_1_MakePayment name_ok=True args_ok=False (1228ms)
[base_original] live_multiple_372-134-17 n_cand=3 bucket=primitive gold=Movies_3_FindMovies pred=Movies_3_FindMovies name_ok=True args_ok=True (1045ms)
[base_original] live_multiple_751-169-6 n_cand=5 bucket=primitive gold=Media_3_FindMovies pred=Media_3_FindMovies name_ok=True args_ok=True (1275ms)
[base_original] live_multiple_50-20-0 n_cand=2 bucket=primitive gold=get_movies pred=None name_ok=False args_ok=False (2766ms)
[base_original] live_multiple_262-125-1 n_cand=5 bucket=primitive gold=rotateImageAction pred=rotateImageAction name_ok=True args_ok=True (1141ms)
[base_original] live_multiple_135-51-1 n_cand=2 bucket=primitive gold=weather.get pred=weather.get name_ok=True args_ok=True (901ms)
[base_original] live_multiple_515-150-3 n_cand=5 bucket=freetext gold=Movies_1_FindMovies pred=Movies_1_FindMovies name_ok=True args_ok=True (1336ms)
[base_original] live_multiple_979-215-3 n_cand=2 bucket=primitive gold=get_service_providers pred=get_service_providers name_ok=True args_ok=True (1842ms)
[base_original] live_multiple_562-155-2 n_cand=6 bucket=primitive gold=Events_3_FindEvents pred=Events_3_FindEvents name_ok=True args_ok=True (1334ms)
[base_original] live_multiple_1046-273-0 n_cand=2 bucket=primitive gold=Hotels_2_SearchHouse pred=Hotels_2_SearchHouse name_ok=True args_ok=True (1272ms)
[base_original] live_multiple_219-94-1 n_cand=3 bucket=primitive gold=get_sensor_readings_history pred=get_sensor_readings_history name_ok=True args_ok=False (1772ms)
[base_original] live_multiple_774-171-7 n_cand=4 bucket=primitive gold=Services_1_FindProvider pred=Services_1_FindProvider name_ok=True args_ok=True (1522ms)
[base_original] live_multiple_76-35-0 n_cand=4 bucket=primitive gold=dartfx_help pred=None name_ok=False args_ok=False (2417ms)
[base_original] live_multiple_859-181-0 n_cand=2 bucket=primitive gold=Trains_1_GetTrainTickets pred=Trains_1_FindTrains name_ok=False args_ok=False (1696ms)
[base_original] live_multiple_426-141-15 n_cand=3 bucket=primitive gold=Movies_1_FindMovies pred=Movies_1_FindMovies name_ok=True args_ok=True (1102ms)
[base_original] live_multiple_830-178-5 n_cand=3 bucket=primitive gold=Music_3_LookupMusic pred=Music_3_LookupMusic name_ok=True args_ok=True (1063ms)
[base_original] live_multiple_766-170-4 n_cand=2 bucket=primitive gold=Buses_3_FindBus pred=Buses_3_FindBus name_ok=True args_ok=False (1299ms)
[base_original] live_multiple_367-134-12 n_cand=3 bucket=primitive gold=Movies_3_FindMovies pred=Movies_3_FindMovies name_ok=True args_ok=True (1060ms)
[base_original] live_multiple_637-161-5 n_cand=6 bucket=primitive gold=Music_3_PlayMedia pred=Music_3_LookupMusic name_ok=False args_ok=False (1860ms)
[base_original] live_multiple_249-113-0 n_cand=3 bucket=atomic gold=version_api.VersionApi.get_version pred=version_api.VersionApi.get_version name_ok=True args_ok=True (859ms)
[base_original] live_multiple_691-164-7 n_cand=3 bucket=primitive gold=Movies_3_FindMovies pred=Movies_3_FindMovies name_ok=True args_ok=True (1341ms)
[base_original] live_multiple_826-178-1 n_cand=3 bucket=primitive gold=Music_3_LookupMusic pred=Music_3_LookupMusic name_ok=True args_ok=True (1684ms)
[base_original] live_multiple_350-133-14 n_cand=4 bucket=primitive gold=Music_3_LookupMusic pred=Music_3_LookupMusic name_ok=True args_ok=True (1370ms)
[base_original] live_multiple_875-183-0 n_cand=6 bucket=primitive gold=Travel_1_FindAttractions pred=Travel_1_FindAttractions name_ok=True args_ok=True (1365ms)
[base_original] live_multiple_733-167-4 n_cand=4 bucket=primitive gold=Homes_2_FindHomeByArea pred=Homes_2_FindHomeByArea name_ok=True args_ok=False (1776ms)
[base_original] live_multiple_82-37-0 n_cand=4 bucket=primitive gold=add_postgres_server pred=None name_ok=False args_ok=False (3017ms)
[base_original] live_multiple_460-145-11 n_cand=5 bucket=primitive gold=Travel_1_FindAttractions pred=Travel_1_FindAttractions name_ok=True args_ok=True (1743ms)
[base_original] live_multiple_30-10-0 n_cand=6 bucket=freetext gold=duck_duck_go.search pred=None name_ok=False args_ok=False (2222ms)
[base_original] live_multiple_788-174-2 n_cand=2 bucket=primitive gold=Homes_2_ScheduleVisit pred=Homes_2_ScheduleVisit name_ok=True args_ok=True (975ms)
[base_original] live_multiple_506-149-3 n_cand=4 bucket=primitive gold=Flights_4_SearchOnewayFlight pred=Flights_4_SearchOnewayFlight name_ok=True args_ok=True (1670ms)
[base_original] live_multiple_715-165-2 n_cand=3 bucket=primitive gold=Hotels_2_SearchHouse pred=Hotels_2_SearchHouse name_ok=True args_ok=True (1419ms)
[base_original] live_multiple_390-137-8 n_cand=5 bucket=primitive gold=Services_1_FindProvider pred=Services_1_FindProvider name_ok=True args_ok=True (1394ms)
[base_original] live_multiple_535-151-11 n_cand=2 bucket=primitive gold=Events_3_FindEvents pred=Events_3_FindEvents name_ok=True args_ok=True (940ms)
[base_original] live_multiple_762-170-0 n_cand=2 bucket=primitive gold=Buses_3_FindBus pred=Buses_3_FindBus name_ok=True args_ok=True (1299ms)
[base_original] live_multiple_203-90-5 n_cand=7 bucket=primitive gold=detail_adriel_project pred=detail_adriel_project name_ok=True args_ok=True (1108ms)
[base_original] live_multiple_640-161-8 n_cand=6 bucket=primitive gold=Music_3_LookupMusic pred=Music_3_LookupMusic name_ok=True args_ok=True (1542ms)
[base_original] live_multiple_235-106-1 n_cand=4 bucket=primitive gold=set_integer pred=set_integer name_ok=True args_ok=True (1242ms)
[base_original] live_multiple_323-132-13 n_cand=3 bucket=primitive gold=Movies_3_FindMovies pred=Movies_3_FindMovies name_ok=True args_ok=True (1458ms)
[base_original] live_multiple_897-185-7 n_cand=4 bucket=primitive gold=Payment_1_MakePayment pred=Payment_1_MakePayment name_ok=True args_ok=False (1478ms)
[base_original] live_multiple_628-160-8 n_cand=2 bucket=primitive gold=Payment_1_RequestPayment pred=Payment_1_RequestPayment name_ok=True args_ok=False (906ms)
[base_original] live_multiple_620-160-0 n_cand=2 bucket=primitive gold=Payment_1_RequestPayment pred=Payment_1_RequestPayment name_ok=True args_ok=False (905ms)
[base_original] live_multiple_810-176-1 n_cand=2 bucket=primitive gold=Alarm_1_GetAlarms pred=Alarm_1_GetAlarms name_ok=True args_ok=True (884ms)
[base_original] live_multiple_420-141-9 n_cand=3 bucket=primitive gold=Movies_1_BuyMovieTickets pred=Movies_1_BuyMovieTickets name_ok=True args_ok=True (1742ms)
[base_original] live_multiple_379-136-0 n_cand=7 bucket=primitive gold=Alarm_1_GetAlarms pred=Alarm_1_GetAlarms name_ok=True args_ok=True (1736ms)
[base_original] live_multiple_694-164-10 n_cand=3 bucket=primitive gold=Movies_3_FindMovies pred=Movies_3_FindMovies name_ok=True args_ok=True (1359ms)
[base_original] live_multiple_709-164-25 n_cand=3 bucket=primitive gold=Movies_3_FindMovies pred=Movies_3_FindMovies name_ok=True args_ok=True (1045ms)
[base_original] live_multiple_970-211-0 n_cand=2 bucket=primitive gold=fmp.income_statement pred=fmp.income_statement name_ok=True args_ok=True (1557ms)
[base_original] live_multiple_1009-238-0 n_cand=3 bucket=freetext gold=get_website_geo_mapping_rules pred=get_website_geo_mapping_rules name_ok=True args_ok=True (1201ms)
[base_original] live_multiple_615-159-8 n_cand=4 bucket=primitive gold=Events_3_FindEvents pred=Events_3_FindEvents name_ok=True args_ok=True (1111ms)
[base_original] live_multiple_626-160-6 n_cand=2 bucket=primitive gold=Payment_1_RequestPayment pred=Payment_1_RequestPayment name_ok=True args_ok=False (1238ms)
[base_original] live_multiple_852-180-0 n_cand=4 bucket=primitive gold=Buses_3_FindBus pred=Buses_3_FindBus name_ok=True args_ok=True (1856ms)
[base_original] live_multiple_581-157-2 n_cand=3 bucket=primitive gold=Media_3_FindMovies pred=Media_3_FindMovies name_ok=True args_ok=True (957ms)
[base_original] live_multiple_577-156-3 n_cand=5 bucket=primitive gold=Services_1_FindProvider pred=Services_1_FindProvider name_ok=True args_ok=True (1552ms)
[base_original] live_multiple_1029-257-0 n_cand=3 bucket=primitive gold=InfrastructureResourcesApi.software_versions pred=InfrastructureResourcesApi.software_versions name_ok=True args_ok=True (1281ms)
[base_original] live_multiple_336-133-0 n_cand=4 bucket=primitive gold=Music_3_PlayMedia pred=Music_3_PlayMedia name_ok=True args_ok=True (1361ms)
[base_original] live_multiple_404-140-0 n_cand=3 bucket=freetext gold=RideSharing_2_GetRide pred=RideSharing_2_GetRide name_ok=True args_ok=True (1384ms)
[base_original] live_multiple_519-150-7 n_cand=5 bucket=primitive gold=Movies_1_FindMovies pred=Movies_1_FindMovies name_ok=True args_ok=True (1633ms)
[base_original] live_multiple_888-184-5 n_cand=5 bucket=primitive gold=Buses_3_FindBus pred=Buses_3_FindBus name_ok=True args_ok=True (2016ms)
[base_original] live_multiple_168-68-0 n_cand=5 bucket=primitive gold=get_adriel_profile pred=get_adriel_profile name_ok=True args_ok=False (1396ms)
[base_original] live_multiple_251-115-0 n_cand=3 bucket=atomic gold=version_api.VersionApi.get_version pred=version_api.VersionApi.get_version name_ok=True args_ok=True (857ms)
[base_original] live_multiple_546-152-8 n_cand=4 bucket=primitive gold=Homes_2_FindHomeByArea pred=Homes_2_FindHomeByArea name_ok=True args_ok=True (1385ms)
[base_original] live_multiple_149-58-3 n_cand=4 bucket=primitive gold=get_sensor_alerts pred=get_sensor_alerts name_ok=True args_ok=False (1943ms)
[base_original] live_multiple_69-30-0 n_cand=4 bucket=primitive gold=add_postgres_server pred=add_postgres_server name_ok=True args_ok=True (1324ms)
[base_original] live_multiple_636-161-4 n_cand=6 bucket=primitive gold=Music_3_LookupMusic pred=Music_3_LookupMusic name_ok=True args_ok=True (1530ms)
[base_original] live_multiple_639-161-7 n_cand=6 bucket=primitive gold=Music_3_LookupMusic pred=Music_3_LookupMusic name_ok=True args_ok=False (2194ms)
[base_original] live_multiple_900-185-10 n_cand=4 bucket=primitive gold=Payment_1_MakePayment pred=Payment_1_MakePayment name_ok=True args_ok=False (1479ms)
[base_original] live_multiple_752-169-7 n_cand=5 bucket=primitive gold=Media_3_FindMovies pred=Media_3_FindMovies name_ok=True args_ok=True (1251ms)
[base_original] live_multiple_850-179-4 n_cand=2 bucket=primitive gold=Restaurants_2_ReserveRestaurant pred=Restaurants_2_ReserveRestaurant name_ok=True args_ok=True (1367ms)
[base_original] live_multiple_769-171-2 n_cand=4 bucket=primitive gold=Services_1_FindProvider pred=Services_1_FindProvider name_ok=True args_ok=True (1201ms)
[base_original] live_multiple_166-66-0 n_cand=5 bucket=primitive gold=get_adriel_profile pred=get_adriel_profile name_ok=True args_ok=True (1393ms)
[base_original] live_multiple_237-106-3 n_cand=4 bucket=primitive gold=set_point pred=set_point name_ok=True args_ok=False (935ms)
[base_original] live_multiple_579-157-0 n_cand=3 bucket=primitive gold=Media_3_FindMovies pred=Media_3_FindMovies name_ok=True args_ok=True (961ms)
[base_original] live_multiple_742-168-4 n_cand=5 bucket=primitive gold=Payment_1_MakePayment pred=Payment_1_MakePayment name_ok=True args_ok=False (1542ms)
[base_original] live_multiple_879-183-4 n_cand=6 bucket=primitive gold=Travel_1_FindAttractions pred=Travel_1_FindAttractions name_ok=True args_ok=True (1691ms)
[base_original] live_multiple_18-4-10 n_cand=5 bucket=primitive gold=HNA_NEWS.search pred=HNA_NEWS.search name_ok=True args_ok=True (1893ms)
[base_original] live_multiple_670-162-12 n_cand=8 bucket=primitive gold=Events_3_FindEvents pred=Events_3_FindEvents name_ok=True args_ok=True (2099ms)
[base_original] live_multiple_84-38-1 n_cand=5 bucket=primitive gold=add_postgres_server pred=add_postgres_server name_ok=True args_ok=True (1412ms)
[base_original] live_multiple_518-150-6 n_cand=5 bucket=primitive gold=Movies_1_FindMovies pred=Movies_1_FindMovies name_ok=True args_ok=True (1329ms)
[base_original] live_multiple_358-134-3 n_cand=3 bucket=primitive gold=Movies_3_FindMovies pred=Movies_3_FindMovies name_ok=True args_ok=False (1764ms)
[base_original] live_multiple_889-184-6 n_cand=5 bucket=primitive gold=Buses_3_FindBus pred=Buses_3_FindBus name_ok=True args_ok=True (1665ms)
[base_original] live_multiple_595-158-1 n_cand=2 bucket=primitive gold=Hotels_4_SearchHotel pred=Hotels_4_SearchHotel name_ok=True args_ok=True (1311ms)
[base_original] live_multiple_499-148-9 n_cand=4 bucket=primitive gold=Events_3_FindEvents pred=Events_3_FindEvents name_ok=True args_ok=True (1092ms)
[base_original] live_multiple_269-127-4 n_cand=5 bucket=primitive gold=Weather_1_GetWeather pred=Weather_1_GetWeather name_ok=True args_ok=False (2680ms)
[base_original] live_multiple_882-183-7 n_cand=6 bucket=primitive gold=Travel_1_FindAttractions pred=Travel_1_FindAttractions name_ok=True args_ok=True (1402ms)
[base_original] live_multiple_70-30-1 n_cand=4 bucket=primitive gold=dartfx_help pred=dartfx_help name_ok=True args_ok=True (1017ms)
[base_original] live_multiple_943-196-1 n_cand=2 bucket=primitive gold=play_song pred=play_song name_ok=True args_ok=True (860ms)
[base_original] live_multiple_446-144-6 n_cand=6 bucket=primitive gold=Services_4_FindProvider pred=Services_4_FindProvider name_ok=True args_ok=True (1342ms)
[base_original] live_multiple_1016-245-0 n_cand=3 bucket=primitive gold=create_global_application_alert_config pred=create_global_application_alert_config name_ok=True args_ok=False (1284ms)
[base_original] live_multiple_530-151-6 n_cand=2 bucket=primitive gold=Events_3_FindEvents pred=Events_3_FindEvents name_ok=True args_ok=True (933ms)
[base_original] live_multiple_322-132-12 n_cand=3 bucket=primitive gold=Movies_3_FindMovies pred=Movies_3_FindMovies name_ok=True args_ok=True (1144ms)
[base_original] live_multiple_906-186-3 n_cand=4 bucket=primitive gold=Trains_1_GetTrainTickets pred=Trains_1_GetTrainTickets name_ok=True args_ok=False (1843ms)
[base_original] live_multiple_684-164-0 n_cand=3 bucket=primitive gold=Movies_3_FindMovies pred=Movies_3_FindMovies name_ok=True args_ok=True (1333ms)
[base_original] live_multiple_214-91-8 n_cand=7 bucket=primitive gold=experiences_and_education pred=experiences_and_education name_ok=True args_ok=True (1521ms)
[base_original] live_multiple_45-18-0 n_cand=3 bucket=primitive gold=product_search pred=product_search name_ok=True args_ok=True (1251ms)
[base_original] live_multiple_682-163-7 n_cand=3 bucket=primitive gold=Weather_1_GetWeather pred=Weather_1_GetWeather name_ok=True args_ok=True (1034ms)
[base_original] live_multiple_890-185-0 n_cand=4 bucket=primitive gold=Payment_1_RequestPayment pred=Payment_1_RequestPayment name_ok=True args_ok=False (1159ms)
[base_original] live_multiple_777-172-2 n_cand=2 bucket=primitive gold=RentalCars_3_GetCarsAvailable pred=RentalCars_3_GetCarsAvailable name_ok=True args_ok=True (1319ms)
[base_original] live_multiple_1033-261-0 n_cand=3 bucket=freetext gold=SyntheticSettingsApi.get_synthetic_locations pred=SyntheticSettingsApi.get_synthetic_locations name_ok=True args_ok=False (1551ms)
[base_original] live_multiple_1027-255-1 n_cand=3 bucket=primitive gold=CustomDashboardsApi.get_shareable_api_tokens pred=CustomDashboardsApi.get_shareable_api_tokens name_ok=True args_ok=True (947ms)
[base_original] live_multiple_382-137-0 n_cand=5 bucket=primitive gold=Services_1_FindProvider pred=Services_1_FindProvider name_ok=True args_ok=True (1390ms)
[base_original] live_multiple_878-183-3 n_cand=6 bucket=primitive gold=Travel_1_FindAttractions pred=Travel_1_FindAttractions name_ok=True args_ok=True (1722ms)
[base_original] live_multiple_253-117-0 n_cand=3 bucket=primitive gold=badge_api.BadgeApi.get_project_vulnerabilities_badge pred=badge_api.BadgeApi.get_project_vulnerabilities_badge name_ok=True args_ok=True (1197ms)
[base_original] live_multiple_927-191-15 n_cand=2 bucket=primitive gold=get_service_providers pred=get_service_providers name_ok=True args_ok=False (1495ms)
[base_original] live_multiple_563-155-3 n_cand=6 bucket=primitive gold=Events_3_FindEvents pred=Events_3_FindEvents name_ok=True args_ok=True (1383ms)
[base_original] live_multiple_953-201-1 n_cand=2 bucket=primitive gold=flight.status.check pred=flight.status.check name_ok=True args_ok=True (1256ms)
[base_original] live_multiple_605-158-11 n_cand=2 bucket=primitive gold=Hotels_4_SearchHotel pred=Hotels_4_SearchHotel name_ok=True args_ok=True (1317ms)
[base_original] live_multiple_541-152-3 n_cand=4 bucket=primitive gold=Homes_2_FindHomeByArea pred=Homes_2_FindHomeByArea name_ok=True args_ok=True (1384ms)
[base_original] live_multiple_86-38-3 n_cand=5 bucket=primitive gold=add_mtnards_server pred=add_mtnards_server name_ok=True args_ok=True (1100ms)
[base_original] live_multiple_275-127-10 n_cand=5 bucket=primitive gold=Weather_1_GetWeather pred=Weather_1_GetWeather name_ok=True args_ok=False (1714ms)
[base_original] live_multiple_471-145-22 n_cand=5 bucket=primitive gold=Flights_4_SearchRoundtripFlights pred=Flights_4_SearchRoundtripFlights name_ok=True args_ok=True (1742ms)
[base_original] live_multiple_330-132-20 n_cand=3 bucket=primitive gold=Movies_3_FindMovies pred=Movies_3_FindMovies name_ok=True args_ok=True (1154ms)
[base_original] live_multiple_344-133-8 n_cand=4 bucket=primitive gold=Music_3_LookupMusic pred=Music_3_LookupMusic name_ok=True args_ok=True (1388ms)
[base_original] live_multiple_524-151-0 n_cand=2 bucket=primitive gold=Events_3_FindEvents pred=Events_3_FindEvents name_ok=True args_ok=True (929ms)
[base_original] live_multiple_349-133-13 n_cand=4 bucket=primitive gold=Music_3_LookupMusic pred=Music_3_LookupMusic name_ok=True args_ok=True (1396ms)
[base_original] live_multiple_857-180-5 n_cand=4 bucket=primitive gold=Buses_3_FindBus pred=Buses_3_FindBus name_ok=True args_ok=True (1555ms)
[base_original] live_multiple_618-159-11 n_cand=4 bucket=primitive gold=Events_3_FindEvents pred=Events_3_FindEvents name_ok=True args_ok=True (1110ms)
[base_original] live_multiple_712-164-28 n_cand=3 bucket=primitive gold=Movies_3_FindMovies pred=Movies_3_FindMovies name_ok=True args_ok=True (1359ms)
[base_original] live_multiple_548-152-10 n_cand=4 bucket=primitive gold=Homes_2_FindHomeByArea pred=Homes_2_FindHomeByArea name_ok=True args_ok=True (1715ms)
[base_original] live_multiple_877-183-2 n_cand=6 bucket=primitive gold=Travel_1_FindAttractions pred=Travel_1_FindAttractions name_ok=True args_ok=True (1723ms)
[base_original] live_multiple_287-129-2 n_cand=3 bucket=primitive gold=Services_4_FindProvider pred=Services_4_FindProvider name_ok=True args_ok=True (1052ms)
[base_original] live_multiple_523-150-11 n_cand=5 bucket=freetext gold=Movies_1_FindMovies pred=Movies_1_FindMovies name_ok=True args_ok=True (1665ms)
[base_original] live_multiple_871-182-8 n_cand=5 bucket=primitive gold=Movies_1_FindMovies pred=Movies_1_FindMovies name_ok=True args_ok=False (2040ms)
[base_original] live_multiple_734-167-5 n_cand=4 bucket=primitive gold=Homes_2_FindHomeByArea pred=Homes_2_FindHomeByArea name_ok=True args_ok=True (1446ms)
[base_original] live_multiple_302-131-1 n_cand=5 bucket=primitive gold=Hotels_4_SearchHotel pred=Hotels_4_SearchHotel name_ok=True args_ok=False (1766ms)
[base_original] live_multiple_959-204-1 n_cand=3 bucket=primitive gold=partner.sips pred=client.mandates name_ok=False args_ok=False (892ms)
[base_original] live_multiple_340-133-4 n_cand=4 bucket=primitive gold=Music_3_LookupMusic pred=Music_3_LookupMusic name_ok=True args_ok=True (1386ms)
[base_original] live_multiple_599-158-5 n_cand=2 bucket=primitive gold=Hotels_4_SearchHotel pred=Hotels_4_SearchHotel name_ok=True args_ok=True (1269ms)
[base_original] live_multiple_704-164-20 n_cand=3 bucket=primitive gold=Movies_3_FindMovies pred=Movies_3_FindMovies name_ok=True args_ok=True (1031ms)
[base_original] live_multiple_699-164-15 n_cand=3 bucket=primitive gold=Movies_3_FindMovies pred=Movies_3_FindMovies name_ok=True args_ok=True (1344ms)
[base_original] live_multiple_776-172-1 n_cand=2 bucket=primitive gold=RentalCars_3_GetCarsAvailable pred=RentalCars_3_GetCarsAvailable name_ok=True args_ok=False (1333ms)
[base_original] live_multiple_298-130-7 n_cand=2 bucket=primitive gold=Hotels_2_SearchHouse pred=Hotels_2_SearchHouse name_ok=True args_ok=True (1286ms)
[base_original] live_multiple_787-174-1 n_cand=2 bucket=primitive gold=Homes_2_FindHomeByArea pred=Homes_2_FindHomeByArea name_ok=True args_ok=True (1315ms)
[base_original] live_multiple_341-133-5 n_cand=4 bucket=primitive gold=Music_3_LookupMusic pred=Music_3_LookupMusic name_ok=True args_ok=False (1395ms)
[base_original] live_multiple_604-158-10 n_cand=2 bucket=primitive gold=Hotels_4_SearchHotel pred=Hotels_4_SearchHotel name_ok=True args_ok=True (975ms)
[base_original] live_multiple_143-55-1 n_cand=2 bucket=primitive gold=stock_price.get pred=stock_price.get name_ok=True args_ok=True (897ms)
[base_original] live_multiple_66-27-0 n_cand=2 bucket=primitive gold=add_postgres_server pred=add_postgres_server name_ok=True args_ok=True (1218ms)
[base_original] live_multiple_950-199-1 n_cand=2 bucket=primitive gold=set_alarm pred=set_alarm name_ok=True args_ok=True (1581ms)
[base_original] live_multiple_377-135-1 n_cand=2 bucket=primitive gold=Services_4_FindProvider pred=Services_4_FindProvider name_ok=True args_ok=True (907ms)
[base_original] live_multiple_985-216-0 n_cand=10 bucket=primitive gold=reminders_complete pred=reminders_complete name_ok=True args_ok=True (1332ms)
[base_original] live_multiple_106-43-4 n_cand=10 bucket=primitive gold=add_mtnards_server pred=add_mtnards_server name_ok=True args_ok=True (1408ms)
[base_original] live_multiple_678-163-3 n_cand=3 bucket=primitive gold=Weather_1_GetWeather pred=Weather_1_GetWeather name_ok=True args_ok=False (2306ms)
[base_original] live_multiple_1038-265-0 n_cand=7 bucket=primitive gold=detail_project pred=detail_project name_ok=True args_ok=False (1188ms)
[base_original] live_multiple_744-168-6 n_cand=5 bucket=primitive gold=Payment_1_MakePayment pred=Payment_1_MakePayment name_ok=True args_ok=False (1222ms)
[base_original] live_multiple_28-8-0 n_cand=3 bucket=primitive gold=my_core_function pred=None name_ok=False args_ok=False (1458ms)
[base_original] live_multiple_677-163-2 n_cand=3 bucket=primitive gold=Weather_1_GetWeather pred=Weather_1_GetWeather name_ok=True args_ok=True (1355ms)
[base_original] live_multiple_487-147-2 n_cand=7 bucket=primitive gold=Trains_1_GetTrainTickets pred=Trains_1_GetTrainTickets name_ok=True args_ok=False (2266ms)
[base_original] live_multiple_833-178-8 n_cand=3 bucket=primitive gold=Music_3_PlayMedia pred=Music_3_LookupMusic name_ok=False args_ok=False (1356ms)
[base_original] live_multiple_470-145-21 n_cand=5 bucket=primitive gold=Travel_1_FindAttractions pred=Travel_1_FindAttractions name_ok=True args_ok=True (1747ms)
[base_original] live_multiple_583-157-4 n_cand=3 bucket=primitive gold=Media_3_FindMovies pred=Media_3_FindMovies name_ok=True args_ok=True (955ms)
[base_original] live_multiple_938-194-0 n_cand=4 bucket=freetext gold=play_spotify_song pred=play_spotify_song name_ok=True args_ok=True (1368ms)
[base_original] live_multiple_173-71-2 n_cand=6 bucket=primitive gold=get_adriel_tech_stack pred=get_adriel_tech_stack name_ok=True args_ok=False (1221ms)
[base_original] live_multiple_212-91-6 n_cand=7 bucket=primitive gold=detail_project pred=detail_project name_ok=True args_ok=True (1185ms)
[base_original] live_multiple_983-215-7 n_cand=2 bucket=primitive gold=get_service_providers pred=get_service_providers name_ok=True args_ok=False (1536ms)
[base_original] live_multiple_616-159-9 n_cand=4 bucket=primitive gold=Events_3_FindEvents pred=Events_3_FindEvents name_ok=True args_ok=False (1425ms)
[base_original] live_multiple_672-162-14 n_cand=8 bucket=primitive gold=Events_3_FindEvents pred=Events_3_FindEvents name_ok=True args_ok=True (1779ms)
[base_original] live_multiple_380-136-1 n_cand=7 bucket=primitive gold=Alarm_1_GetAlarms pred=Alarm_1_GetAlarms name_ok=True args_ok=True (1439ms)
[base_original] live_multiple_607-159-0 n_cand=4 bucket=primitive gold=Events_3_FindEvents pred=Events_3_FindEvents name_ok=True args_ok=False (1423ms)
[base_original] live_multiple_290-129-5 n_cand=3 bucket=primitive gold=Services_4_FindProvider pred=Services_4_FindProvider name_ok=True args_ok=True (1339ms)
[base_original] live_multiple_909-188-0 n_cand=2 bucket=freetext gold=youtube.check_videos pred=youtube.check_videos name_ok=True args_ok=False (1199ms)
[base_original] live_multiple_491-148-1 n_cand=4 bucket=primitive gold=Events_3_FindEvents pred=Events_3_FindEvents name_ok=True args_ok=True (1060ms)
[base_original] live_multiple_645-161-13 n_cand=6 bucket=primitive gold=Music_3_LookupMusic pred=Music_3_LookupMusic name_ok=True args_ok=True (1219ms)
[base_original] live_multiple_412-141-1 n_cand=3 bucket=primitive gold=Movies_1_BuyMovieTickets pred=Movies_1_BuyMovieTickets name_ok=True args_ok=True (1413ms)
[base_original] live_multiple_931-191-19 n_cand=2 bucket=primitive gold=get_service_providers pred=get_service_providers name_ok=True args_ok=True (1472ms)
[base_original] live_multiple_828-178-3 n_cand=3 bucket=primitive gold=Music_3_LookupMusic pred=Music_3_LookupMusic name_ok=True args_ok=True (1055ms)
[base_original] live_multiple_701-164-17 n_cand=3 bucket=primitive gold=Movies_3_FindMovies pred=Movies_3_FindMovies name_ok=True args_ok=True (1032ms)
[base_original] live_multiple_441-144-1 n_cand=6 bucket=primitive gold=Services_4_FindProvider pred=Services_4_FindProvider name_ok=True args_ok=True (1342ms)
[base_original] live_multiple_307-131-6 n_cand=5 bucket=primitive gold=Hotels_4_SearchHotel pred=Hotels_4_SearchHotel name_ok=True args_ok=True (1792ms)
[base_original] live_multiple_895-185-5 n_cand=4 bucket=primitive gold=Payment_1_MakePayment pred=Payment_1_MakePayment name_ok=True args_ok=False (1491ms)
[base_original] live_multiple_493-148-3 n_cand=4 bucket=primitive gold=Events_3_FindEvents pred=Events_3_FindEvents name_ok=True args_ok=True (1087ms)
[base_original] live_multiple_75-34-1 n_cand=3 bucket=primitive gold=add_postgres_server pred=add_postgres_server name_ok=True args_ok=True (1620ms)
[base_original] live_multiple_2-1-0 n_cand=2 bucket=freetext gold=uber.ride pred=uber.ride name_ok=True args_ok=True (938ms)
[base_original] live_multiple_317-132-7 n_cand=3 bucket=primitive gold=Movies_3_FindMovies pred=Movies_3_FindMovies name_ok=True args_ok=True (1460ms)
[base_original] live_multiple_391-137-9 n_cand=5 bucket=primitive gold=Services_1_FindProvider pred=Services_1_FindProvider name_ok=True args_ok=True (1058ms)
[base_original] live_multiple_841-178-16 n_cand=3 bucket=primitive gold=Music_3_LookupMusic pred=Music_3_LookupMusic name_ok=True args_ok=True (1048ms)
[base_original] live_multiple_504-149-1 n_cand=4 bucket=primitive gold=Flights_4_SearchOnewayFlight pred=Flights_4_SearchOnewayFlight name_ok=True args_ok=False (1688ms)
[base_original] live_multiple_240-107-1 n_cand=6 bucket=freetext gold=search_web_tool pred=search_web_tool name_ok=True args_ok=True (1165ms)
[base_original] live_multiple_453-145-4 n_cand=5 bucket=primitive gold=Travel_1_FindAttractions pred=Travel_1_FindAttractions name_ok=True args_ok=True (1771ms)
[base_original] live_multiple_1028-256-0 n_cand=3 bucket=primitive gold=host_agent_api.get_agent_snapshot pred=host_agent_api.get_agent_snapshot name_ok=True args_ok=True (1246ms)
[base_original] live_multiple_53-22-0 n_cand=4 bucket=primitive gold=inventory_management pred=None name_ok=False args_ok=False (6677ms)
[base_original] live_multiple_409-140-5 n_cand=3 bucket=freetext gold=RideSharing_2_GetRide pred=RideSharing_2_GetRide name_ok=True args_ok=True (1060ms)
[base_original] live_multiple_992-223-0 n_cand=3 bucket=primitive gold=delete_apdex_configuration pred=get_all_apdex_configurations name_ok=False args_ok=False (1253ms)
[base_original] live_multiple_735-167-6 n_cand=4 bucket=primitive gold=Homes_2_FindHomeByArea pred=Homes_2_FindHomeByArea name_ok=True args_ok=True (1446ms)
[base_original] live_multiple_1037-264-0 n_cand=5 bucket=primitive gold=calendar_event_create pred=None name_ok=False args_ok=False (2851ms)
[base_original] live_multiple_894-185-4 n_cand=4 bucket=primitive gold=Payment_1_MakePayment pred=Payment_1_MakePayment name_ok=True args_ok=False (1492ms)
[base_original] live_multiple_282-128-5 n_cand=3 bucket=primitive gold=Restaurants_2_FindRestaurants pred=Restaurants_2_FindRestaurants name_ok=True args_ok=True (1411ms)
[base_original] live_multiple_386-137-4 n_cand=5 bucket=primitive gold=Services_1_FindProvider pred=Services_1_FindProvider name_ok=True args_ok=True (1074ms)
[base_original] live_multiple_720-165-7 n_cand=3 bucket=primitive gold=Hotels_2_SearchHouse pred=Hotels_2_SearchHouse name_ok=True args_ok=True (1415ms)
[base_original] live_multiple_116-45-1 n_cand=5 bucket=primitive gold=acl_api.add_mapping pred=acl_api.add_mapping name_ok=True args_ok=True (1344ms)
[base_original] live_multiple_540-152-2 n_cand=4 bucket=primitive gold=Homes_2_FindHomeByArea pred=Homes_2_FindHomeByArea name_ok=True args_ok=True (1397ms)
[base_original] live_multiple_973-213-0 n_cand=2 bucket=primitive gold=get_service_providers pred=get_service_providers name_ok=True args_ok=False (1463ms)
[base_original] live_multiple_580-157-1 n_cand=3 bucket=primitive gold=Media_3_FindMovies pred=Media_3_FindMovies name_ok=True args_ok=True (1609ms)
[base_original] live_multiple_411-141-0 n_cand=3 bucket=primitive gold=Movies_1_FindMovies pred=Movies_1_FindMovies name_ok=True args_ok=True (1406ms)
[base_original] live_multiple_422-141-11 n_cand=3 bucket=primitive gold=Movies_1_FindMovies pred=Movies_1_FindMovies name_ok=True args_ok=True (1424ms)
[base_original] live_multiple_286-129-1 n_cand=3 bucket=primitive gold=Services_4_FindProvider pred=Services_4_FindProvider name_ok=True args_ok=True (1027ms)
[base_original] live_multiple_268-127-3 n_cand=5 bucket=primitive gold=Weather_1_GetWeather pred=Weather_1_GetWeather name_ok=True args_ok=True (1385ms)
[base_original] live_multiple_1012-241-0 n_cand=3 bucket=primitive gold=get_synthetic_locations pred=get_synthetic_locations name_ok=True args_ok=False (1287ms)
[base_original] live_multiple_95-41-2 n_cand=7 bucket=primitive gold=close_project pred=close_project name_ok=True args_ok=True (1445ms)
[base_original] live_multiple_547-152-9 n_cand=4 bucket=primitive gold=Homes_2_FindHomeByArea pred=Homes_2_FindHomeByArea name_ok=True args_ok=True (1726ms)
[base_original] live_multiple_155-58-9 n_cand=4 bucket=primitive gold=get_sensor_readings_latest pred=get_sensor_readings_latest name_ok=True args_ok=True (1621ms)
[base_original] live_multiple_593-157-14 n_cand=3 bucket=primitive gold=Media_3_FindMovies pred=Media_3_FindMovies name_ok=True args_ok=True (934ms)
[base_original] live_multiple_703-164-19 n_cand=3 bucket=primitive gold=Movies_3_FindMovies pred=Movies_3_FindMovies name_ok=True args_ok=True (1345ms)
[base_original] live_multiple_328-132-18 n_cand=3 bucket=primitive gold=Movies_3_FindMovies pred=Movies_3_FindMovies name_ok=True args_ok=True (1480ms)
[base_original] live_multiple_434-142-0 n_cand=6 bucket=primitive gold=RentalCars_3_GetCarsAvailable pred=RentalCars_3_GetCarsAvailable name_ok=True args_ok=True (1988ms)
[base_original] live_multiple_313-132-3 n_cand=3 bucket=primitive gold=Movies_3_FindMovies pred=Movies_3_FindMovies name_ok=True args_ok=True (1787ms)
[base_original] live_multiple_649-161-17 n_cand=6 bucket=primitive gold=Music_3_LookupMusic pred=Music_3_LookupMusic name_ok=True args_ok=True (1541ms)
[base_original] live_multiple_552-153-1 n_cand=4 bucket=primitive gold=Services_1_FindProvider pred=Services_1_FindProvider name_ok=True args_ok=True (1053ms)
[base_original] live_multiple_288-129-3 n_cand=3 bucket=primitive gold=Services_4_FindProvider pred=Services_4_FindProvider name_ok=True args_ok=True (1026ms)
[base_original] live_multiple_392-138-0 n_cand=2 bucket=primitive gold=Services_1_FindProvider pred=Services_1_FindProvider name_ok=True args_ok=True (911ms)
[base_original] live_multiple_832-178-7 n_cand=3 bucket=primitive gold=Music_3_LookupMusic pred=Music_3_LookupMusic name_ok=True args_ok=True (1059ms)
[base_original] live_multiple_213-91-7 n_cand=7 bucket=freetext gold=detail_experience_and_education pred=detail_experience_and_education name_ok=True args_ok=True (1520ms)
[base_original] live_multiple_334-132-24 n_cand=3 bucket=primitive gold=Movies_3_FindMovies pred=Movies_3_FindMovies name_ok=True args_ok=True (1148ms)
[base_original] live_multiple_756-169-11 n_cand=5 bucket=primitive gold=Media_3_FindMovies pred=Media_3_FindMovies name_ok=True args_ok=True (1559ms)
[base_original] live_multiple_402-139-6 n_cand=3 bucket=primitive gold=Events_3_FindEvents pred=Events_3_FindEvents name_ok=True args_ok=True (1032ms)
[base_original] live_multiple_445-144-5 n_cand=6 bucket=primitive gold=Services_4_FindProvider pred=Services_4_FindProvider name_ok=True args_ok=True (1314ms)
[base_original] live_multiple_975-214-1 n_cand=2 bucket=primitive gold=get_service_providers pred=get_service_providers name_ok=True args_ok=False (2181ms)
[base_original] live_multiple_224-98-0 n_cand=2 bucket=primitive gold=reschedule pred=reschedule name_ok=True args_ok=True (1247ms)
[base_original] live_multiple_151-58-5 n_cand=4 bucket=primitive gold=get_sensor_readings_latest pred=get_sensor_readings_latest name_ok=True args_ok=True (1640ms)
[base_original] live_multiple_885-184-2 n_cand=5 bucket=primitive gold=Buses_3_FindBus pred=Buses_3_FindBus name_ok=True args_ok=True (1657ms)
[base_original] live_multiple_778-173-0 n_cand=3 bucket=primitive gold=Services_4_FindProvider pred=Services_4_FindProvider name_ok=True args_ok=True (964ms)
[base_original] live_multiple_886-184-3 n_cand=5 bucket=primitive gold=Buses_3_FindBus pred=None name_ok=False args_ok=False (3716ms)
[base_original] live_multiple_655-161-23 n_cand=6 bucket=primitive gold=Music_3_LookupMusic pred=Music_3_LookupMusic name_ok=True args_ok=True (1551ms)
[base_original] live_multiple_62-24-0 n_cand=2 bucket=primitive gold=todoIdx pred=todoIdx name_ok=True args_ok=True (1168ms)
[base_original] live_multiple_692-164-8 n_cand=3 bucket=primitive gold=Movies_3_FindMovies pred=Movies_3_FindMovies name_ok=True args_ok=True (1348ms)
[base_original] live_multiple_686-164-2 n_cand=3 bucket=primitive gold=Movies_3_FindMovies pred=Movies_3_FindMovies name_ok=True args_ok=True (1031ms)
[base_original] live_multiple_1-0-1 n_cand=2 bucket=primitive gold=ChaDri.change_drink pred=None name_ok=False args_ok=False (2648ms)
[base_original] live_multiple_175-72-1 n_cand=6 bucket=primitive gold=get_adriel_list_projects pred=get_adriel_list_projects name_ok=True args_ok=True (1088ms)
[base_original] live_multiple_335-132-25 n_cand=3 bucket=primitive gold=Movies_3_FindMovies pred=Movies_3_FindMovies name_ok=True args_ok=True (1136ms)
[base_original] live_multiple_732-167-3 n_cand=4 bucket=primitive gold=Homes_2_FindHomeByArea pred=Homes_2_FindHomeByArea name_ok=True args_ok=True (1454ms)
[base_original] live_multiple_1048-275-0 n_cand=2 bucket=primitive gold=Hotels_2_SearchHouse pred=Hotels_2_SearchHouse name_ok=True args_ok=True (1286ms)
[base_original] live_multiple_561-155-1 n_cand=6 bucket=primitive gold=Events_3_FindEvents pred=Events_3_FindEvents name_ok=True args_ok=True (1670ms)
[base_original] live_multiple_148-58-2 n_cand=4 bucket=primitive gold=get_sensor_readings_latest pred=get_sensor_readings_latest name_ok=True args_ok=True (1638ms)
[base_original] live_multiple_169-69-0 n_cand=5 bucket=freetext gold=get_adriel_detail_experience_and_education pred=get_adriel_detail_experience_and_education name_ok=True args_ok=True (1791ms)
[base_original] live_multiple_641-161-9 n_cand=6 bucket=primitive gold=Music_3_LookupMusic pred=Music_3_LookupMusic name_ok=True args_ok=True (1528ms)
[base_original] live_multiple_49-19-0 n_cand=2 bucket=primitive gold=interviewer_review.get pred=None name_ok=False args_ok=False (3364ms)
[base_original] live_multiple_134-51-0 n_cand=2 bucket=primitive gold=stock_price.get pred=stock_price.get name_ok=True args_ok=True (909ms)
[base_original] live_multiple_142-55-0 n_cand=2 bucket=primitive gold=weather.get_weather_data pred=weather.get_weather_data name_ok=True args_ok=False (1240ms)
[base_original] live_multiple_1001-232-0 n_cand=3 bucket=primitive gold=api_token_api.APITokenApi.get_api_tokens pred=api_token_api.APITokenApi.get_api_tokens name_ok=True args_ok=True (935ms)
[base_original] live_multiple_485-147-0 n_cand=7 bucket=primitive gold=Trains_1_FindTrains pred=Trains_1_FindTrains name_ok=True args_ok=True (1907ms)
[base_original] live_multiple_564-155-4 n_cand=6 bucket=primitive gold=Events_3_FindEvents pred=Events_3_FindEvents name_ok=True args_ok=True (1677ms)
[base_original] live_multiple_793-174-7 n_cand=2 bucket=primitive gold=Homes_2_ScheduleVisit pred=Homes_2_ScheduleVisit name_ok=True args_ok=False (1282ms)
[base_original] live_multiple_1030-258-0 n_cand=3 bucket=primitive gold=get_website_geo_mapping_rules pred=get_website_geo_mapping_rules name_ok=True args_ok=True (886ms)
[base_original] live_multiple_156-59-0 n_cand=4 bucket=primitive gold=analysis_api.AnalysisApi.retrieve_analysis pred=analysis_api.AnalysisApi.retrieve_analysis name_ok=True args_ok=True (1329ms)
[base_original] live_multiple_549-152-11 n_cand=4 bucket=primitive gold=Homes_2_FindHomeByArea pred=Homes_2_FindHomeByArea name_ok=True args_ok=True (1385ms)
[base_original] live_multiple_362-134-7 n_cand=3 bucket=primitive gold=Movies_3_FindMovies pred=Movies_3_FindMovies name_ok=True args_ok=True (1358ms)
[base_original] live_multiple_834-178-9 n_cand=3 bucket=primitive gold=Music_3_PlayMedia pred=Music_3_LookupMusic name_ok=False args_ok=False (1383ms)
[base_original] live_multiple_61-23-0 n_cand=3 bucket=primitive gold=get_movies pred=None name_ok=False args_ok=False (3534ms)
[base_original] live_multiple_1019-248-0 n_cand=3 bucket=primitive gold=releases_api.ReleasesApi.delete_release pred=releases_api.ReleasesApi.delete_release name_ok=True args_ok=True (918ms)
[base_original] live_multiple_209-91-3 n_cand=7 bucket=primitive gold=detail_project pred=detail_project name_ok=True args_ok=True (1202ms)
[base_original] live_multiple_600-158-6 n_cand=2 bucket=primitive gold=Hotels_4_SearchHotel pred=Hotels_4_SearchHotel name_ok=True args_ok=True (1331ms)
[base_original] live_multiple_178-75-0 n_cand=5 bucket=primitive gold=HNA_NEWS.search pred=HNA_NEWS.search name_ok=True args_ok=True (1500ms)
[base_original] live_multiple_433-141-22 n_cand=3 bucket=freetext gold=Movies_1_FindMovies pred=Movies_1_FindMovies name_ok=True args_ok=True (1090ms)
[base_original] live_multiple_912-191-0 n_cand=2 bucket=primitive gold=get_service_providers pred=None name_ok=False args_ok=False (2492ms)
[base_original] live_multiple_529-151-5 n_cand=2 bucket=primitive gold=Events_3_FindEvents pred=Events_3_FindEvents name_ok=True args_ok=True (941ms)
[base_original] live_multiple_211-91-5 n_cand=7 bucket=primitive gold=get_tech_stack pred=get_tech_stack name_ok=True args_ok=True (1217ms)
[base_original] live_multiple_371-134-16 n_cand=3 bucket=primitive gold=Movies_3_FindMovies pred=Movies_3_FindMovies name_ok=True args_ok=True (1051ms)
[base_original] live_multiple_818-177-1 n_cand=4 bucket=primitive gold=Events_3_FindEvents pred=Events_3_FindEvents name_ok=True args_ok=True (1450ms)
[base_original] live_multiple_840-178-15 n_cand=3 bucket=primitive gold=Music_3_LookupMusic pred=Music_3_LookupMusic name_ok=True args_ok=True (1406ms)
[base_original] live_multiple_243-107-4 n_cand=6 bucket=freetext gold=search_web_tool pred=search_web_tool name_ok=True args_ok=False (1831ms)
[base_original] live_multiple_514-150-2 n_cand=5 bucket=primitive gold=Movies_1_FindMovies pred=Movies_1_FindMovies name_ok=True args_ok=True (1666ms)
[base_original] live_multiple_472-145-23 n_cand=5 bucket=primitive gold=Travel_1_FindAttractions pred=Travel_1_FindAttractions name_ok=True args_ok=True (1754ms)
[base_original] live_multiple_723-165-10 n_cand=3 bucket=primitive gold=Hotels_2_SearchHouse pred=Hotels_2_SearchHouse name_ok=True args_ok=True (1419ms)
[base_original] live_multiple_200-90-2 n_cand=7 bucket=primitive gold=adriel_list_projects pred=adriel_list_projects name_ok=True args_ok=True (1095ms)
[base_original] live_multiple_408-140-4 n_cand=3 bucket=freetext gold=RideSharing_2_GetRide pred=RideSharing_2_GetRide name_ok=True args_ok=True (1376ms)
[base_original] live_multiple_103-43-1 n_cand=10 bucket=primitive gold=add_postgres_server pred=add_postgres_server name_ok=True args_ok=True (2038ms)
[base_original] live_multiple_207-91-1 n_cand=7 bucket=primitive gold=get_tech_stack pred=get_tech_stack name_ok=True args_ok=True (1173ms)
[base_original] live_multiple_438-142-4 n_cand=6 bucket=primitive gold=RentalCars_3_GetCarsAvailable pred=RentalCars_3_GetCarsAvailable name_ok=True args_ok=True (2005ms)
[base_original] live_multiple_707-164-23 n_cand=3 bucket=primitive gold=Movies_3_FindMovies pred=Movies_3_FindMovies name_ok=True args_ok=True (1350ms)
[base_original] live_multiple_74-34-0 n_cand=3 bucket=primitive gold=dartfx_help pred=dartfx_help name_ok=True args_ok=True (1314ms)
[base_original] live_multiple_265-127-0 n_cand=5 bucket=primitive gold=Weather_1_GetWeather pred=Weather_1_GetWeather name_ok=True args_ok=True (1365ms)
[base_original] live_multiple_601-158-7 n_cand=2 bucket=primitive gold=Hotels_4_SearchHotel pred=Hotels_4_SearchHotel name_ok=True args_ok=True (1314ms)
[base_original] live_multiple_67-28-0 n_cand=2 bucket=primitive gold=add_postgres_server pred=add_postgres_server name_ok=True args_ok=True (1196ms)
[base_original] live_multiple_473-145-24 n_cand=5 bucket=primitive gold=Travel_1_FindAttractions pred=Travel_1_FindAttractions name_ok=True args_ok=True (1438ms)
[base_original] live_multiple_977-215-1 n_cand=2 bucket=primitive gold=get_service_providers pred=get_service_providers name_ok=True args_ok=False (1851ms)
[base_original] live_multiple_326-132-16 n_cand=3 bucket=primitive gold=Movies_3_FindMovies pred=Movies_3_FindMovies name_ok=True args_ok=True (1151ms)
[base_original] live_multiple_911-190-0 n_cand=2 bucket=primitive gold=view_service_provider_profile pred=view_service_provider_profile name_ok=True args_ok=True (1045ms)
[base_original] live_multiple_813-176-4 n_cand=2 bucket=primitive gold=Alarm_1_AddAlarm pred=Alarm_1_AddAlarm name_ok=True args_ok=True (896ms)
[base_original] live_multiple_89-39-0 n_cand=4 bucket=primitive gold=render_ui_date_picker_widget pred=None name_ok=False args_ok=False (2966ms)
[base_original] live_multiple_924-191-12 n_cand=2 bucket=primitive gold=get_service_providers pred=get_service_providers name_ok=True args_ok=False (1827ms)
[base_original] live_multiple_520-150-8 n_cand=5 bucket=primitive gold=Movies_1_FindMovies pred=Movies_1_FindMovies name_ok=True args_ok=True (3242ms)
[base_original] live_multiple_226-100-0 n_cand=5 bucket=primitive gold=AclApi.add_mapping pred=AclApi.add_mapping name_ok=True args_ok=False (1133ms)
[base_original] live_multiple_38-14-0 n_cand=2 bucket=primitive gold=get_interviewer_list pred=None name_ok=False args_ok=False (2303ms)
[base_original] live_multiple_824-177-7 n_cand=4 bucket=primitive gold=Events_3_BuyEventTickets pred=Events_3_BuyEventTickets name_ok=True args_ok=False (1833ms)
[base_original] live_multiple_295-130-4 n_cand=2 bucket=primitive gold=Hotels_2_SearchHouse pred=None name_ok=False args_ok=False (3456ms)
[base_original] live_multiple_48-18-3 n_cand=3 bucket=primitive gold=inventory_management pred=inventory_management name_ok=True args_ok=True (1313ms)
[base_original] live_multiple_221-95-0 n_cand=2 bucket=primitive gold=segment pred=segment name_ok=True args_ok=True (850ms)
[base_original] live_multiple_406-140-2 n_cand=3 bucket=freetext gold=RideSharing_2_GetRide pred=RideSharing_2_GetRide name_ok=True args_ok=True (1346ms)
[base_original] live_multiple_80-36-1 n_cand=4 bucket=primitive gold=add_mtnards_server pred=None name_ok=False args_ok=False (2017ms)
[base_original] live_multiple_1003-232-2 n_cand=3 bucket=primitive gold=api_token_api.APITokenApi.get_api_tokens pred=api_token_api.APITokenApi.get_api_tokens name_ok=True args_ok=True (931ms)
[base_original] live_multiple_903-186-0 n_cand=4 bucket=primitive gold=Trains_1_FindTrains pred=Trains_1_FindTrains name_ok=True args_ok=True (1512ms)
[base_original] live_multiple_459-145-10 n_cand=5 bucket=primitive gold=Travel_1_FindAttractions pred=Travel_1_FindAttractions name_ok=True args_ok=True (1758ms)
[base_original] live_multiple_807-175-13 n_cand=5 bucket=primitive gold=Weather_1_GetWeather pred=Weather_1_GetWeather name_ok=True args_ok=True (1655ms)
[base_original] live_multiple_814-176-5 n_cand=2 bucket=primitive gold=Alarm_1_AddAlarm pred=Alarm_1_AddAlarm name_ok=True args_ok=True (877ms)
[base_original] live_multiple_333-132-23 n_cand=3 bucket=primitive gold=Movies_3_FindMovies pred=None name_ok=False args_ok=False (3537ms)
[base_original] live_multiple_739-168-1 n_cand=5 bucket=primitive gold=Payment_1_MakePayment pred=Payment_1_MakePayment name_ok=True args_ok=False (1517ms)
[base_original] live_multiple_923-191-11 n_cand=2 bucket=primitive gold=get_service_providers pred=get_service_providers name_ok=True args_ok=True (1488ms)
[base_original] live_multiple_870-182-7 n_cand=5 bucket=freetext gold=Movies_1_FindMovies pred=Movies_1_FindMovies name_ok=True args_ok=True (2035ms)
[base_original] live_multiple_964-207-0 n_cand=2 bucket=freetext gold=transfer_to_human_agent pred=None name_ok=False args_ok=False (2917ms)
[base_original] live_multiple_277-128-0 n_cand=3 bucket=primitive gold=Restaurants_2_FindRestaurants pred=Restaurants_2_FindRestaurants name_ok=True args_ok=True (1444ms)
[base_original] live_multiple_596-158-2 n_cand=2 bucket=primitive gold=Hotels_4_SearchHotel pred=Hotels_4_SearchHotel name_ok=True args_ok=True (983ms)
[base_original] live_multiple_160-62-1 n_cand=2 bucket=primitive gold=get_adriel_projects pred=get_adriel_projects name_ok=True args_ok=True (1200ms)
[base_original] live_multiple_831-178-6 n_cand=3 bucket=primitive gold=Music_3_LookupMusic pred=Music_3_LookupMusic name_ok=True args_ok=True (1057ms)
[base_original] live_multiple_718-165-5 n_cand=3 bucket=primitive gold=Hotels_2_BookHouse pred=Hotels_2_BookHouse name_ok=True args_ok=True (1450ms)
[base_original] live_multiple_721-165-8 n_cand=3 bucket=primitive gold=Hotels_2_SearchHouse pred=Hotels_2_SearchHouse name_ok=True args_ok=True (1448ms)
[base_original] live_multiple_110-43-8 n_cand=10 bucket=primitive gold=list_files pred=list_files name_ok=True args_ok=True (1661ms)
[base_original] live_multiple_355-134-0 n_cand=3 bucket=primitive gold=Movies_3_FindMovies pred=Movies_3_FindMovies name_ok=True args_ok=True (1370ms)
[base_original] live_multiple_197-89-0 n_cand=2 bucket=primitive gold=get_tickets pred=get_tickets name_ok=True args_ok=True (1186ms)
[base_original] live_multiple_658-162-0 n_cand=8 bucket=primitive gold=Events_3_FindEvents pred=Events_3_FindEvents name_ok=True args_ok=False (1756ms)
[base_original] live_multiple_263-126-0 n_cand=2 bucket=primitive gold=EventQuery pred=EventQuery name_ok=True args_ok=True (889ms)
[base_original] live_multiple_674-162-16 n_cand=8 bucket=primitive gold=Events_3_FindEvents pred=None name_ok=False args_ok=False (4159ms)
[base_original] live_multiple_945-196-3 n_cand=2 bucket=primitive gold=play_song pred=play_song name_ok=True args_ok=False (860ms)
[base_original] live_multiple_839-178-14 n_cand=3 bucket=primitive gold=Music_3_LookupMusic pred=Music_3_LookupMusic name_ok=True args_ok=True (1053ms)
[base_original] live_multiple_387-137-5 n_cand=5 bucket=primitive gold=Services_1_FindProvider pred=Services_1_FindProvider name_ok=True args_ok=True (1395ms)
[base_original] live_multiple_498-148-8 n_cand=4 bucket=primitive gold=Events_3_FindEvents pred=Events_3_FindEvents name_ok=True args_ok=True (1068ms)
[base_original] live_multiple_862-181-3 n_cand=2 bucket=primitive gold=Trains_1_FindTrains pred=Trains_1_FindTrains name_ok=True args_ok=False (1358ms)
[base_original] live_multiple_851-179-5 n_cand=2 bucket=primitive gold=Restaurants_2_FindRestaurants pred=Restaurants_2_FindRestaurants name_ok=True args_ok=True (1327ms)
[base_original] live_multiple_105-43-3 n_cand=10 bucket=primitive gold=dartfx_help pred=dartfx_help name_ok=True args_ok=True (1659ms)
[base_original] live_multiple_980-215-4 n_cand=2 bucket=primitive gold=get_service_providers pred=get_service_providers name_ok=True args_ok=False (1535ms)
[base_original] live_multiple_122-46-1 n_cand=3 bucket=primitive gold=get_time_to_collision pred=get_time_to_collision name_ok=True args_ok=False (1512ms)
[base_original] live_multiple_789-174-3 n_cand=2 bucket=primitive gold=Homes_2_FindHomeByArea pred=Homes_2_FindHomeByArea name_ok=True args_ok=True (1302ms)
[base_original] live_multiple_448-144-8 n_cand=6 bucket=primitive gold=Services_4_FindProvider pred=Services_4_FindProvider name_ok=True args_ok=True (1636ms)
[base_original] live_multiple_974-214-0 n_cand=2 bucket=primitive gold=get_service_providers pred=get_service_providers name_ok=True args_ok=True (1539ms)
[base_original] live_multiple_191-85-0 n_cand=3 bucket=primitive gold=sort_list pred=sort_list name_ok=True args_ok=False (2326ms)
[base_original] live_multiple_798-175-4 n_cand=5 bucket=primitive gold=Weather_1_GetWeather pred=Weather_1_GetWeather name_ok=True args_ok=True (1319ms)
[base_original] live_multiple_126-48-0 n_cand=2 bucket=primitive gold=analysis_api.AnalysisApi.retrieve_analysis pred=analysis_api.AnalysisApi.retrieve_analysis name_ok=True args_ok=True (1213ms)
[base_original] live_multiple_283-128-6 n_cand=3 bucket=primitive gold=Restaurants_2_FindRestaurants pred=Restaurants_2_FindRestaurants name_ok=True args_ok=True (1424ms)
[base_original] live_multiple_304-131-3 n_cand=5 bucket=primitive gold=Hotels_4_SearchHotel pred=Hotels_4_SearchHotel name_ok=True args_ok=True (1773ms)
[base_original] live_multiple_450-145-1 n_cand=5 bucket=primitive gold=Travel_1_FindAttractions pred=Travel_1_FindAttractions name_ok=True args_ok=True (1722ms)
[base_original] live_multiple_836-178-11 n_cand=3 bucket=primitive gold=Music_3_PlayMedia pred=Music_3_PlayMedia name_ok=True args_ok=True (1373ms)
[base_original] live_multiple_533-151-9 n_cand=2 bucket=primitive gold=Events_3_FindEvents pred=Events_3_FindEvents name_ok=True args_ok=True (927ms)
[base_original] live_multiple_801-175-7 n_cand=5 bucket=primitive gold=Weather_1_GetWeather pred=Weather_1_GetWeather name_ok=True args_ok=True (1288ms)
[base_original] live_multiple_753-169-8 n_cand=5 bucket=primitive gold=Media_3_FindMovies pred=Media_3_FindMovies name_ok=True args_ok=True (1593ms)
[base_original] live_multiple_452-145-3 n_cand=5 bucket=primitive gold=Travel_1_FindAttractions pred=Travel_1_FindAttractions name_ok=True args_ok=True (1753ms)
[base_original] live_multiple_174-72-0 n_cand=6 bucket=freetext gold=get_adriel_detail_experience_and_education pred=get_adriel_detail_experience_and_education name_ok=True args_ok=True (1420ms)
[base_original] live_multiple_1052-279-0 n_cand=2 bucket=primitive gold=set_volume pred=set_volume name_ok=True args_ok=True (1520ms)
[base_original] live_multiple_611-159-4 n_cand=4 bucket=primitive gold=Events_3_FindEvents pred=Events_3_FindEvents name_ok=True args_ok=True (1108ms)
[base_original] live_multiple_952-201-0 n_cand=2 bucket=primitive gold=uber.eat.order pred=uber.eat.order name_ok=True args_ok=False (1548ms)
[base_original] live_multiple_893-185-3 n_cand=4 bucket=primitive gold=Payment_1_MakePayment pred=Payment_1_MakePayment name_ok=True args_ok=False (1155ms)
[base_original] live_multiple_484-146-9 n_cand=2 bucket=primitive gold=Music_3_LookupMusic pred=Music_3_LookupMusic name_ok=True args_ok=True (2002ms)
[base_original] live_multiple_803-175-9 n_cand=5 bucket=primitive gold=Weather_1_GetWeather pred=Weather_1_GetWeather name_ok=True args_ok=True (1326ms)
[base_original] live_multiple_46-18-1 n_cand=3 bucket=primitive gold=inventory_management pred=inventory_management name_ok=True args_ok=False (1301ms)
[base_original] live_multiple_489-147-4 n_cand=7 bucket=primitive gold=Trains_1_GetTrainTickets pred=Trains_1_GetTrainTickets name_ok=True args_ok=True (2245ms)
[base_original] live_multiple_481-146-6 n_cand=2 bucket=primitive gold=Music_3_LookupMusic pred=Music_3_LookupMusic name_ok=True args_ok=True (1301ms)
[base_original] live_multiple_838-178-13 n_cand=3 bucket=primitive gold=Music_3_PlayMedia pred=Music_3_PlayMedia name_ok=True args_ok=True (1368ms)
[base_original] live_multiple_598-158-4 n_cand=2 bucket=primitive gold=Hotels_4_SearchHotel pred=Hotels_4_SearchHotel name_ok=True args_ok=False (1289ms)
[base_original] live_multiple_351-133-15 n_cand=4 bucket=primitive gold=Music_3_LookupMusic pred=Music_3_LookupMusic name_ok=True args_ok=True (1070ms)
[base_original] live_multiple_509-149-6 n_cand=4 bucket=primitive gold=Flights_4_SearchOnewayFlight pred=Flights_4_SearchOnewayFlight name_ok=True args_ok=True (1691ms)
[base_original] live_multiple_359-134-4 n_cand=3 bucket=primitive gold=Movies_3_FindMovies pred=Movies_3_FindMovies name_ok=True args_ok=True (1375ms)
[base_original] live_multiple_784-173-6 n_cand=3 bucket=primitive gold=Services_4_FindProvider pred=Services_4_FindProvider name_ok=True args_ok=False (1008ms)
[base_original] live_multiple_397-139-1 n_cand=3 bucket=primitive gold=Events_3_FindEvents pred=Events_3_FindEvents name_ok=True args_ok=True (1026ms)
[base_original] live_multiple_578-156-4 n_cand=5 bucket=primitive gold=Services_1_FindProvider pred=Services_1_FindProvider name_ok=True args_ok=True (1536ms)
[base_original] live_multiple_42-16-1 n_cand=2 bucket=primitive gold=get_pods pred=get_pods name_ok=True args_ok=True (839ms)
[base_original] live_multiple_477-146-2 n_cand=2 bucket=primitive gold=Music_3_LookupMusic pred=Music_3_LookupMusic name_ok=True args_ok=True (1338ms)
[base_original] live_multiple_855-180-3 n_cand=4 bucket=primitive gold=Buses_3_FindBus pred=Buses_3_FindBus name_ok=True args_ok=True (1551ms)
[base_original] live_multiple_799-175-5 n_cand=5 bucket=primitive gold=Weather_1_GetWeather pred=Weather_1_GetWeather name_ok=True args_ok=True (1311ms)
[base_original] live_multiple_967-209-0 n_cand=2 bucket=freetext gold=handover_to_human_agent pred=None name_ok=False args_ok=False (2304ms)
[base_original] live_multiple_869-182-6 n_cand=5 bucket=primitive gold=Movies_1_FindMovies pred=Movies_1_FindMovies name_ok=True args_ok=True (1725ms)
[base_original] live_multiple_309-131-8 n_cand=5 bucket=primitive gold=Hotels_4_ReserveHotel pred=None name_ok=False args_ok=False (3505ms)
[base_original] live_multiple_158-61-0 n_cand=2 bucket=primitive gold=get_adriel_projects pred=get_adriel_projects name_ok=True args_ok=True (1199ms)
[base_original] live_multiple_280-128-3 n_cand=3 bucket=primitive gold=Restaurants_2_FindRestaurants pred=Restaurants_2_FindRestaurants name_ok=True args_ok=True (1117ms)
[base_original] live_multiple_181-76-1 n_cand=10 bucket=primitive gold=api_name.get_weather_forecast pred=None name_ok=False args_ok=False (4903ms)
[base_original] live_multiple_41-16-0 n_cand=2 bucket=primitive gold=get_services pred=get_services name_ok=True args_ok=True (839ms)
[base_original] live_multiple_827-178-2 n_cand=3 bucket=primitive gold=Music_3_LookupMusic pred=Music_3_LookupMusic name_ok=True args_ok=True (1046ms)
[base_original] live_multiple_680-163-5 n_cand=3 bucket=primitive gold=Weather_1_GetWeather pred=Weather_1_GetWeather name_ok=True args_ok=True (1032ms)
[base_original] live_multiple_285-129-0 n_cand=3 bucket=primitive gold=Services_4_FindProvider pred=Services_4_FindProvider name_ok=True args_ok=True (1021ms)
[base_original] live_multiple_428-141-17 n_cand=3 bucket=primitive gold=Movies_1_FindMovies pred=Movies_1_FindMovies name_ok=True args_ok=True (1097ms)
[base_original] live_multiple_40-15-0 n_cand=2 bucket=primitive gold=oven_preheat pred=oven_preheat name_ok=True args_ok=True (879ms)
[base_original] live_multiple_467-145-18 n_cand=5 bucket=primitive gold=Travel_1_FindAttractions pred=Travel_1_FindAttractions name_ok=True args_ok=True (1776ms)
[base_original] live_multiple_314-132-4 n_cand=3 bucket=primitive gold=Movies_3_FindMovies pred=Movies_3_FindMovies name_ok=True args_ok=True (1464ms)
[base_original] live_multiple_688-164-4 n_cand=3 bucket=primitive gold=Movies_3_FindMovies pred=Movies_3_FindMovies name_ok=True args_ok=True (1347ms)
[base_original] live_multiple_144-56-0 n_cand=2 bucket=primitive gold=get_sensor_readings_latest pred=get_sensor_readings_latest name_ok=True args_ok=False (1468ms)
[base_original] live_multiple_1008-237-0 n_cand=3 bucket=primitive gold=ApplicationAnalyzeApi.get_trace_download pred=ApplicationAnalyzeApi.get_trace_download name_ok=True args_ok=True (1234ms)
[base_original] live_multiple_113-44-0 n_cand=9 bucket=primitive gold=list_servers pred=list_servers name_ok=True args_ok=True (1324ms)
[base_original] live_multiple_791-174-5 n_cand=2 bucket=primitive gold=Homes_2_FindHomeByArea pred=Homes_2_FindHomeByArea name_ok=True args_ok=True (1311ms)
[base_original] live_multiple_356-134-1 n_cand=3 bucket=primitive gold=Movies_3_FindMovies pred=Movies_3_FindMovies name_ok=True args_ok=True (1053ms)
[base_original] live_multiple_961-205-1 n_cand=2 bucket=primitive gold=web_search pred=web_search name_ok=True args_ok=True (908ms)
[base_original] live_multiple_27-7-0 n_cand=2 bucket=primitive gold=add pred=None name_ok=False args_ok=False (1415ms)
[base_original] live_multiple_1000-231-0 n_cand=3 bucket=primitive gold=MaintenanceConfigurationApi.get_maintenance_config pred=MaintenanceConfigurationApi.get_maintenance_config name_ok=True args_ok=True (902ms)
[base_original] live_multiple_222-96-0 n_cand=2 bucket=freetext gold=uber.ride pred=uber.ride name_ok=True args_ok=True (937ms)
[base_original] live_multiple_572-155-12 n_cand=6 bucket=primitive gold=Events_3_FindEvents pred=Events_3_FindEvents name_ok=True args_ok=True (1695ms)
[base_original] live_multiple_77-35-1 n_cand=4 bucket=primitive gold=add_postgres_server pred=add_postgres_server name_ok=True args_ok=True (1393ms)
[base_original] live_multiple_167-67-0 n_cand=4 bucket=primitive gold=get_adriel_profile pred=get_adriel_profile name_ok=True args_ok=True (1321ms)
[base_original] live_multiple_510-149-7 n_cand=4 bucket=primitive gold=Flights_4_SearchOnewayFlight pred=Flights_4_SearchOnewayFlight name_ok=True args_ok=False (1684ms)
[base_original] live_multiple_603-158-9 n_cand=2 bucket=primitive gold=Hotels_4_SearchHotel pred=Hotels_4_SearchHotel name_ok=True args_ok=True (998ms)
[base_original] live_multiple_78-35-2 n_cand=4 bucket=primitive gold=dartfx_help pred=dartfx_help name_ok=True args_ok=True (1067ms)
[base_original] live_multiple_55-22-2 n_cand=4 bucket=primitive gold=inventory_management pred=inventory_management name_ok=True args_ok=True (1336ms)
[base_original] live_multiple_1047-274-0 n_cand=2 bucket=primitive gold=Hotels_2_BookHouse pred=Hotels_2_SearchHouse name_ok=False args_ok=False (1290ms)
[base_original] live_multiple_388-137-6 n_cand=5 bucket=primitive gold=Services_1_FindProvider pred=Services_1_FindProvider name_ok=True args_ok=True (1065ms)
[base_original] live_multiple_675-163-0 n_cand=3 bucket=primitive gold=Weather_1_GetWeather pred=Weather_1_GetWeather name_ok=True args_ok=False (1662ms)
[base_original] live_multiple_1044-271-0 n_cand=5 bucket=primitive gold=Weather_1_GetWeather pred=Weather_1_GetWeather name_ok=True args_ok=True (1700ms)
[base_original] live_multiple_729-167-0 n_cand=4 bucket=primitive gold=Homes_2_FindHomeByArea pred=Homes_2_FindHomeByArea name_ok=True args_ok=True (2403ms)
[base_original] live_multiple_147-58-1 n_cand=4 bucket=primitive gold=get_sensor_readings_history pred=get_sensor_readings_history_by_interval name_ok=False args_ok=False (2628ms)
[base_original] live_multiple_343-133-7 n_cand=4 bucket=freetext gold=Music_3_LookupMusic pred=Music_3_LookupMusic name_ok=True args_ok=True (1085ms)
[base_original] live_multiple_5-3-0 n_cand=4 bucket=primitive gold=get_current_weather pred=None name_ok=False args_ok=False (2012ms)
[base_original] live_multiple_72-32-0 n_cand=3 bucket=primitive gold=add_postgres_server pred=add_postgres_server name_ok=True args_ok=True (1276ms)
[base_original] live_multiple_522-150-10 n_cand=5 bucket=primitive gold=Movies_1_FindMovies pred=Movies_1_FindMovies name_ok=True args_ok=False (1656ms)
[base_original] live_multiple_966-208-0 n_cand=3 bucket=freetext gold=handover_to_agent pred=handover_to_agent name_ok=True args_ok=True (1973ms)
[base_original] live_multiple_19-4-11 n_cand=5 bucket=primitive gold=ControlAppliance.execute pred=ControlAppliance.execute name_ok=True args_ok=True (1196ms)
[base_original] live_multiple_683-163-8 n_cand=3 bucket=primitive gold=Weather_1_GetWeather pred=Weather_1_GetWeather name_ok=True args_ok=True (1347ms)
[base_original] live_multiple_544-152-6 n_cand=4 bucket=primitive gold=Homes_2_FindHomeByArea pred=Homes_2_FindHomeByArea name_ok=True args_ok=True (1390ms)
[base_original] live_multiple_899-185-9 n_cand=4 bucket=primitive gold=Payment_1_MakePayment pred=Payment_1_MakePayment name_ok=True args_ok=False (1470ms)
[base_original] live_multiple_466-145-17 n_cand=5 bucket=primitive gold=Travel_1_FindAttractions pred=Travel_1_FindAttractions name_ok=True args_ok=True (1742ms)
[base_original] live_multiple_205-90-7 n_cand=7 bucket=atomic gold=adriel_experiences_and_education pred=adriel_experiences_and_education name_ok=True args_ok=True (1087ms)
[base_original] live_multiple_957-203-1 n_cand=2 bucket=primitive gold=user.mandates pred=user.mandates name_ok=True args_ok=True (857ms)
[base_original] live_multiple_673-162-15 n_cand=8 bucket=primitive gold=Events_3_FindEvents pred=Events_3_FindEvents name_ok=True args_ok=True (2093ms)
[base_original] live_multiple_257-121-0 n_cand=3 bucket=primitive gold=vex_api.VexApi.export_project_as_cyclone_dx1 pred=vex_api.VexApi.export_project_as_cyclone_dx1 name_ok=True args_ok=True (1622ms)
[base_original] live_multiple_274-127-9 n_cand=5 bucket=primitive gold=Weather_1_GetWeather pred=Weather_1_GetWeather name_ok=True args_ok=True (1376ms)
[base_original] live_multiple_365-134-10 n_cand=3 bucket=primitive gold=Movies_3_FindMovies pred=Movies_3_FindMovies name_ok=True args_ok=True (1361ms)
[base_original] live_multiple_872-182-9 n_cand=5 bucket=primitive gold=Movies_1_FindMovies pred=Movies_1_FindMovies name_ok=True args_ok=True (1381ms)
[base_original] live_multiple_494-148-4 n_cand=4 bucket=primitive gold=Events_3_FindEvents pred=Events_3_FindEvents name_ok=True args_ok=True (1086ms)
[base_original] live_multiple_311-132-1 n_cand=3 bucket=primitive gold=Movies_3_FindMovies pred=Movies_3_FindMovies name_ok=True args_ok=True (1130ms)
[base_original] live_multiple_662-162-4 n_cand=8 bucket=primitive gold=Events_3_FindEvents pred=Events_3_FindEvents name_ok=True args_ok=True (1765ms)
[base_original] live_multiple_64-26-0 n_cand=3 bucket=primitive gold=uber.eat.order pred=uber.eat.order name_ok=True args_ok=False (1296ms)
[base_original] live_multiple_571-155-11 n_cand=6 bucket=primitive gold=Events_3_FindEvents pred=Events_3_FindEvents name_ok=True args_ok=True (1724ms)
[base_original] live_multiple_846-179-0 n_cand=2 bucket=primitive gold=Restaurants_2_FindRestaurants pred=Restaurants_2_FindRestaurants name_ok=True args_ok=True (1047ms)
[base_original] live_multiple_278-128-1 n_cand=3 bucket=primitive gold=Restaurants_2_FindRestaurants pred=Restaurants_2_FindRestaurants name_ok=True args_ok=True (1418ms)
[base_original] live_multiple_94-41-1 n_cand=7 bucket=primitive gold=list_servers pred=list_servers name_ok=True args_ok=True (1097ms)
[base_original] live_multiple_182-77-0 n_cand=2 bucket=primitive gold=math_gcd pred=math_gcd name_ok=True args_ok=True (875ms)
[base_original] live_multiple_140-54-0 n_cand=2 bucket=primitive gold=weather.get pred=weather.get name_ok=True args_ok=True (1210ms)
[base_original] live_multiple_956-203-0 n_cand=2 bucket=primitive gold=partner.mandates pred=partner.mandates name_ok=True args_ok=True (838ms)
[base_original] live_multiple_132-50-4 n_cand=5 bucket=freetext gold=search_engine.query pred=search_engine.query name_ok=True args_ok=False (1577ms)
[base_original] live_multiple_513-150-1 n_cand=5 bucket=primitive gold=Movies_1_FindMovies pred=Movies_1_FindMovies name_ok=True args_ok=True (1625ms)
[base_original] live_multiple_998-229-0 n_cand=3 bucket=atomic gold=health_api.HealthApi.get_version pred=health_api.HealthApi.get_version name_ok=True args_ok=True (1053ms)
[base_original] live_multiple_1032-260-0 n_cand=3 bucket=primitive gold=get_synthetic_locations pred=get_synthetic_locations name_ok=True args_ok=True (899ms)
[base_original] live_multiple_29-9-0 n_cand=5 bucket=primitive gold=multiply pred=None name_ok=False args_ok=False (1819ms)
[base_original] live_multiple_236-106-2 n_cand=4 bucket=primitive gold=set_point pred=set_point name_ok=True args_ok=False (922ms)
[base_original] live_multiple_376-135-0 n_cand=2 bucket=primitive gold=Services_4_FindProvider pred=Services_4_FindProvider name_ok=True args_ok=True (903ms)
[base_original] live_multiple_186-81-0 n_cand=2 bucket=primitive gold=weather_forecast.get pred=weather_forecast.get name_ok=True args_ok=True (1213ms)
[base_original] live_multiple_306-131-5 n_cand=5 bucket=primitive gold=Hotels_4_SearchHotel pred=Hotels_4_SearchHotel name_ok=True args_ok=True (1455ms)
[base_original] live_multiple_951-200-0 n_cand=5 bucket=atomic gold=version_api.VersionApi.get_version pred=version_api.VersionApi.get_version name_ok=True args_ok=True (952ms)
[base_original] live_multiple_993-224-0 n_cand=3 bucket=primitive gold=get_apdex_report pred=get_apdex_report name_ok=True args_ok=True (1300ms)
[base_original] live_multiple_710-164-26 n_cand=3 bucket=primitive gold=Movies_3_FindMovies pred=Movies_3_FindMovies name_ok=True args_ok=True (1034ms)
[base_original] live_multiple_32-10-2 n_cand=6 bucket=primitive gold=sub pred=None name_ok=False args_ok=False (2216ms)
[base_original] live_multiple_63-25-0 n_cand=2 bucket=primitive gold=uber.eat.order pred=uber.eat.order name_ok=True args_ok=False (1214ms)
[base_original] live_multiple_35-11-1 n_cand=2 bucket=primitive gold=get_tesco_locations pred=get_tesco_locations name_ok=True args_ok=True (1188ms)
[base_original] live_multiple_486-147-1 n_cand=7 bucket=primitive gold=Trains_1_GetTrainTickets pred=Trains_1_GetTrainTickets name_ok=True args_ok=True (1959ms)
[base_original] live_multiple_728-166-3 n_cand=3 bucket=primitive gold=Services_1_FindProvider pred=Services_1_FindProvider name_ok=True args_ok=True (959ms)
[base_original] live_multiple_202-90-4 n_cand=7 bucket=primitive gold=adriel_list_projects pred=adriel_list_projects name_ok=True args_ok=True (1108ms)
[base_original] live_multiple_171-71-0 n_cand=6 bucket=primitive gold=get_adriel_detail_experience_and_education pred=get_adriel_detail_experience_and_education name_ok=True args_ok=True (1508ms)
[base_original] live_multiple_71-31-0 n_cand=2 bucket=primitive gold=add_postgres_server pred=add_postgres_server name_ok=True args_ok=True (1237ms)
[base_original] live_multiple_185-80-0 n_cand=10 bucket=primitive gold=get_activity_by_participants pred=get_activity_by_participants name_ok=True args_ok=True (1405ms)
[base_original] live_multiple_15-4-7 n_cand=5 bucket=primitive gold=HNA_NEWS.search pred=HNA_NEWS.search name_ok=True args_ok=True (1209ms)
[base_original] live_multiple_241-107-2 n_cand=6 bucket=freetext gold=search_web_tool pred=search_web_tool name_ok=True args_ok=True (1483ms)
[base_original] live_multiple_904-186-1 n_cand=4 bucket=primitive gold=Trains_1_FindTrains pred=Trains_1_FindTrains name_ok=True args_ok=False (1529ms)
[base_permuted] live_multiple_316-132-6 n_cand=3 bucket=primitive gold=Movies_3_FindMovies pred=Movies_3_FindMovies name_ok=True args_ok=True (1145ms)
[base_permuted] live_multiple_817-177-0 n_cand=4 bucket=primitive gold=Events_3_BuyEventTickets pred=Events_3_BuyEventTickets name_ok=True args_ok=True (1473ms)
[base_permuted] live_multiple_1036-263-1 n_cand=3 bucket=primitive gold=api_token_api.APITokenApi.get_api_tokens pred=api_token_api.APITokenApi.get_api_tokens name_ok=True args_ok=True (1202ms)
[base_permuted] live_multiple_770-171-3 n_cand=4 bucket=primitive gold=Services_1_FindProvider pred=Services_1_FindProvider name_ok=True args_ok=True (1538ms)
[base_permuted] live_multiple_266-127-1 n_cand=5 bucket=primitive gold=Weather_1_GetWeather pred=Weather_1_GetWeather name_ok=True args_ok=True (1367ms)
[base_permuted] live_multiple_56-22-3 n_cand=4 bucket=primitive gold=inventory_management pred=inventory_management name_ok=True args_ok=False (1351ms)
[base_permuted] live_multiple_357-134-2 n_cand=3 bucket=primitive gold=Movies_3_FindMovies pred=Movies_3_FindMovies name_ok=True args_ok=True (1709ms)
[base_permuted] live_multiple_868-182-5 n_cand=5 bucket=primitive gold=Movies_1_FindMovies pred=Movies_1_FindMovies name_ok=True args_ok=True (1700ms)
[base_permuted] live_multiple_936-192-1 n_cand=2 bucket=primitive gold=set_alarm pred=set_alarm name_ok=True args_ok=True (1220ms)
[base_permuted] live_multiple_461-145-12 n_cand=5 bucket=primitive gold=Travel_1_FindAttractions pred=Travel_1_FindAttractions name_ok=True args_ok=True (1762ms)
[base_permuted] live_multiple_724-165-11 n_cand=3 bucket=primitive gold=Hotels_2_SearchHouse pred=Hotels_2_SearchHouse name_ok=True args_ok=True (1106ms)
[base_permuted] live_multiple_199-90-1 n_cand=7 bucket=atomic gold=adriel_tech_stack pred=adriel_tech_stack name_ok=True args_ok=True (1072ms)
[base_permuted] live_multiple_806-175-12 n_cand=5 bucket=primitive gold=Weather_1_GetWeather pred=Weather_1_GetWeather name_ok=True args_ok=True (1306ms)
[base_permuted] live_multiple_537-151-13 n_cand=2 bucket=primitive gold=Events_3_FindEvents pred=Events_3_FindEvents name_ok=True args_ok=True (933ms)
[base_permuted] live_multiple_588-157-9 n_cand=3 bucket=primitive gold=Media_3_FindMovies pred=Media_3_FindMovies name_ok=True args_ok=True (967ms)
[base_permuted] live_multiple_133-50-5 n_cand=5 bucket=primitive gold=multilingual_llm pred=multilingual_llm name_ok=True args_ok=True (1499ms)
[base_permuted] live_multiple_497-148-7 n_cand=4 bucket=primitive gold=Events_3_FindEvents pred=Events_3_FindEvents name_ok=True args_ok=True (1078ms)
[base_permuted] live_multiple_981-215-5 n_cand=2 bucket=primitive gold=get_service_providers pred=get_service_providers name_ok=True args_ok=False (1877ms)
[base_permuted] live_multiple_259-123-0 n_cand=3 bucket=primitive gold=project_api.ProjectApi.get_project_by_name_and_version pred=project_api.ProjectApi.get_project_by_name_and_version name_ok=True args_ok=True (1234ms)
[base_permuted] live_multiple_746-169-1 n_cand=5 bucket=primitive gold=Media_3_FindMovies pred=Media_3_FindMovies name_ok=True args_ok=True (1255ms)
[base_permuted] live_multiple_337-133-1 n_cand=4 bucket=primitive gold=Music_3_PlayMedia pred=Music_3_PlayMedia name_ok=True args_ok=True (1047ms)
[base_permuted] live_multiple_315-132-5 n_cand=3 bucket=primitive gold=Movies_3_FindMovies pred=Movies_3_FindMovies name_ok=True args_ok=True (1467ms)
[base_permuted] live_multiple_310-132-0 n_cand=3 bucket=primitive gold=Movies_3_FindMovies pred=Movies_3_FindMovies name_ok=True args_ok=True (1466ms)
[base_permuted] live_multiple_785-173-7 n_cand=3 bucket=primitive gold=Services_4_FindProvider pred=Services_4_FindProvider name_ok=True args_ok=True (1001ms)
[base_permuted] live_multiple_719-165-6 n_cand=3 bucket=primitive gold=Hotels_2_SearchHouse pred=Hotels_2_SearchHouse name_ok=True args_ok=True (1113ms)
[base_permuted] live_multiple_858-180-6 n_cand=4 bucket=primitive gold=Buses_3_BuyBusTicket pred=Buses_3_FindBus name_ok=False args_ok=False (1546ms)
[base_permuted] live_multiple_360-134-5 n_cand=3 bucket=primitive gold=Movies_3_FindMovies pred=Movies_3_FindMovies name_ok=True args_ok=True (1370ms)
[base_permuted] live_multiple_305-131-4 n_cand=5 bucket=primitive gold=Hotels_4_ReserveHotel pred=None name_ok=False args_ok=False (3857ms)
[base_permuted] live_multiple_239-107-0 n_cand=6 bucket=primitive gold=search_web_tool pred=search_web_tool name_ok=True args_ok=True (1139ms)
[base_permuted] live_multiple_764-170-2 n_cand=2 bucket=primitive gold=Buses_3_FindBus pred=Buses_3_FindBus name_ok=True args_ok=True (1632ms)
[base_permuted] live_multiple_656-161-24 n_cand=6 bucket=primitive gold=Music_3_LookupMusic pred=Music_3_LookupMusic name_ok=True args_ok=True (2207ms)
[base_permuted] live_multiple_962-205-2 n_cand=2 bucket=freetext gold=web_search pred=web_search name_ok=True args_ok=True (1210ms)
[base_permuted] live_multiple_120-45-5 n_cand=5 bucket=atomic gold=version_api.VersionApi.get_version pred=version_api.VersionApi.get_version name_ok=True args_ok=True (1016ms)
[base_permuted] live_multiple_1040-267-0 n_cand=7 bucket=freetext gold=detail_experience_and_education pred=detail_experience_and_education name_ok=True args_ok=False (1521ms)
[base_permuted] live_multiple_940-194-2 n_cand=4 bucket=primitive gold=play_spotify_song pred=play_spotify_song name_ok=True args_ok=True (1332ms)
[base_permuted] live_multiple_291-130-0 n_cand=2 bucket=primitive gold=Hotels_2_SearchHouse pred=Hotels_2_SearchHouse name_ok=True args_ok=True (958ms)
[base_permuted] live_multiple_811-176-2 n_cand=2 bucket=primitive gold=Alarm_1_GetAlarms pred=Alarm_1_GetAlarms name_ok=True args_ok=True (865ms)
[base_permuted] live_multiple_971-212-0 n_cand=2 bucket=primitive gold=get_service_providers pred=get_service_providers name_ok=True args_ok=False (1804ms)
[base_permuted] live_multiple_892-185-2 n_cand=4 bucket=primitive gold=Payment_1_MakePayment pred=Payment_1_MakePayment name_ok=True args_ok=False (1478ms)
[base_permuted] live_multiple_713-165-0 n_cand=3 bucket=primitive gold=Hotels_2_SearchHouse pred=Hotels_2_SearchHouse name_ok=True args_ok=False (1433ms)
[base_permuted] live_multiple_26-6-1 n_cand=9 bucket=primitive gold=recall_memory_search pred=recall_memory_search name_ok=True args_ok=True (2411ms)
[base_permuted] live_multiple_792-174-6 n_cand=2 bucket=primitive gold=Homes_2_FindHomeByArea pred=Homes_2_FindHomeByArea name_ok=True args_ok=True (1281ms)
[base_permuted] live_multiple_112-43-10 n_cand=10 bucket=primitive gold=list_servers pred=list_servers name_ok=True args_ok=True (1355ms)
[base_permuted] live_multiple_613-159-6 n_cand=4 bucket=primitive gold=Events_3_FindEvents pred=Events_3_FindEvents name_ok=True args_ok=False (1449ms)
[base_permuted] live_multiple_669-162-11 n_cand=8 bucket=primitive gold=Events_3_FindEvents pred=Events_3_FindEvents name_ok=True args_ok=True (2065ms)
[base_permuted] live_multiple_153-58-7 n_cand=4 bucket=primitive gold=get_sensor_readings_history pred=get_sensor_readings_history name_ok=True args_ok=False (2000ms)
[base_permuted] live_multiple_574-156-0 n_cand=5 bucket=primitive gold=Services_1_FindProvider pred=Services_1_FindProvider name_ok=True args_ok=True (1538ms)
[base_permuted] live_multiple_551-153-0 n_cand=4 bucket=primitive gold=Services_1_FindProvider pred=Services_1_FindProvider name_ok=True args_ok=True (1363ms)
[base_permuted] live_multiple_617-159-10 n_cand=4 bucket=primitive gold=Events_3_FindEvents pred=Events_3_FindEvents name_ok=True args_ok=False (1436ms)
[base_permuted] live_multiple_319-132-9 n_cand=3 bucket=primitive gold=Movies_3_FindMovies pred=Movies_3_FindMovies name_ok=True args_ok=True (1132ms)
[base_permuted] live_multiple_109-43-7 n_cand=10 bucket=primitive gold=list_servers pred=list_servers name_ok=True args_ok=True (1356ms)
[base_permuted] live_multiple_758-169-13 n_cand=5 bucket=primitive gold=Media_3_FindMovies pred=Media_3_FindMovies name_ok=True args_ok=True (1559ms)
[base_permuted] live_multiple_11-4-3 n_cand=5 bucket=primitive gold=HNA_WQA.search pred=HNA_WQA.search name_ok=True args_ok=True (1516ms)
[base_permuted] live_multiple_101-42-5 n_cand=9 bucket=primitive gold=connect_to_server pred=connect_to_server name_ok=True args_ok=True (1685ms)
[base_permuted] live_multiple_431-141-20 n_cand=3 bucket=primitive gold=Movies_1_FindMovies pred=Movies_1_FindMovies name_ok=True args_ok=True (1421ms)
[base_permuted] live_multiple_555-154-1 n_cand=4 bucket=primitive gold=RentalCars_3_GetCarsAvailable pred=RentalCars_3_GetCarsAvailable name_ok=True args_ok=False (1847ms)
[base_permuted] live_multiple_468-145-19 n_cand=5 bucket=primitive gold=Travel_1_FindAttractions pred=Travel_1_FindAttractions name_ok=True args_ok=True (1429ms)
[base_permuted] live_multiple_96-42-0 n_cand=9 bucket=primitive gold=list_files pred=list_files name_ok=True args_ok=True (1365ms)
[base_permuted] live_multiple_876-183-1 n_cand=6 bucket=primitive gold=Travel_1_FindAttractions pred=Travel_1_FindAttractions name_ok=True args_ok=True (1729ms)
[base_permuted] live_multiple_270-127-5 n_cand=5 bucket=primitive gold=Weather_1_GetWeather pred=Weather_1_GetWeather name_ok=True args_ok=True (1690ms)
[base_permuted] live_multiple_705-164-21 n_cand=3 bucket=primitive gold=Movies_3_FindMovies pred=Movies_3_FindMovies name_ok=True args_ok=True (1044ms)
[base_permuted] live_multiple_59-22-6 n_cand=4 bucket=primitive gold=inventory_management pred=None name_ok=False args_ok=False (5649ms)
[base_permuted] live_multiple_664-162-6 n_cand=8 bucket=primitive gold=Events_3_FindEvents pred=Events_3_FindEvents name_ok=True args_ok=True (1755ms)
[base_permuted] live_multiple_730-167-1 n_cand=4 bucket=primitive gold=Homes_2_FindHomeByArea pred=Homes_2_FindHomeByArea name_ok=True args_ok=False (1784ms)
[base_permuted] live_multiple_204-90-6 n_cand=7 bucket=atomic gold=adriel_experiences_and_education pred=adriel_experiences_and_education name_ok=True args_ok=True (1077ms)
[base_permuted] live_multiple_52-21-1 n_cand=4 bucket=primitive gold=inventory_management pred=inventory_management name_ok=True args_ok=True (1648ms)
[base_permuted] live_multiple_348-133-12 n_cand=4 bucket=primitive gold=Music_3_LookupMusic pred=Music_3_LookupMusic name_ok=True args_ok=True (1373ms)
[base_permuted] live_multiple_299-130-8 n_cand=2 bucket=primitive gold=Hotels_2_SearchHouse pred=Hotels_2_SearchHouse name_ok=True args_ok=True (975ms)
[base_permuted] live_multiple_681-163-6 n_cand=3 bucket=primitive gold=Weather_1_GetWeather pred=Weather_1_GetWeather name_ok=True args_ok=True (1036ms)
[base_permuted] live_multiple_1035-263-0 n_cand=3 bucket=primitive gold=api_token_api.APITokenApi.get_api_tokens pred=api_token_api.APITokenApi.get_api_tokens name_ok=True args_ok=True (1229ms)
[base_permuted] live_multiple_526-151-2 n_cand=2 bucket=primitive gold=Events_3_FindEvents pred=Events_3_FindEvents name_ok=True args_ok=True (930ms)
[base_permuted] live_multiple_260-124-0 n_cand=3 bucket=atomic gold=version_api.VersionApi.get_version pred=version_api.VersionApi.get_version name_ok=True args_ok=True (852ms)
[base_permuted] live_multiple_462-145-13 n_cand=5 bucket=primitive gold=Flights_4_SearchRoundtripFlights pred=Flights_4_SearchRoundtripFlights name_ok=True args_ok=True (2084ms)
[base_permuted] live_multiple_255-119-0 n_cand=3 bucket=primitive gold=badge_api.BadgeApi.get_project_policy_violations_badge pred=badge_api.BadgeApi.get_project_policy_violations_badge name_ok=True args_ok=True (1220ms)
[base_permuted] live_multiple_768-171-1 n_cand=4 bucket=primitive gold=Services_1_FindProvider pred=Services_1_FindProvider name_ok=True args_ok=True (1213ms)
[base_permuted] live_multiple_567-155-7 n_cand=6 bucket=primitive gold=Events_3_FindEvents pred=Events_3_FindEvents name_ok=True args_ok=True (1370ms)
[base_permuted] live_multiple_928-191-16 n_cand=2 bucket=primitive gold=get_service_providers pred=get_service_providers name_ok=True args_ok=True (2128ms)
[base_permuted] live_multiple_749-169-4 n_cand=5 bucket=primitive gold=Media_3_FindMovies pred=Media_3_FindMovies name_ok=True args_ok=True (1268ms)
[base_permuted] live_multiple_582-157-3 n_cand=3 bucket=primitive gold=Media_3_FindMovies pred=Media_3_FindMovies name_ok=True args_ok=True (1261ms)
[base_permuted] live_multiple_545-152-7 n_cand=4 bucket=primitive gold=Homes_2_FindHomeByArea pred=Homes_2_FindHomeByArea name_ok=True args_ok=True (1378ms)
[base_permuted] live_multiple_279-128-2 n_cand=3 bucket=primitive gold=Restaurants_2_FindRestaurants pred=Restaurants_2_FindRestaurants name_ok=True args_ok=True (1411ms)
[base_permuted] live_multiple_104-43-2 n_cand=10 bucket=primitive gold=open_project pred=open_project name_ok=True args_ok=True (1678ms)
[base_permuted] live_multiple_183-78-0 n_cand=4 bucket=freetext gold=finish pred=finish name_ok=True args_ok=True (1687ms)
[base_permuted] live_multiple_919-191-7 n_cand=2 bucket=primitive gold=get_service_providers pred=get_service_providers name_ok=True args_ok=False (1808ms)
[base_permuted] live_multiple_293-130-2 n_cand=2 bucket=primitive gold=Hotels_2_SearchHouse pred=Hotels_2_SearchHouse name_ok=True args_ok=True (1308ms)
[base_permuted] live_multiple_786-174-0 n_cand=2 bucket=primitive gold=Homes_2_ScheduleVisit pred=Homes_2_ScheduleVisit name_ok=True args_ok=True (963ms)
[base_permuted] live_multiple_553-153-2 n_cand=4 bucket=primitive gold=Services_1_FindProvider pred=Services_1_FindProvider name_ok=True args_ok=False (1374ms)
[base_permuted] live_multiple_276-127-11 n_cand=5 bucket=primitive gold=Weather_1_GetWeather pred=Weather_1_GetWeather name_ok=True args_ok=False (1683ms)
[base_permuted] live_multiple_556-154-2 n_cand=4 bucket=primitive gold=RentalCars_3_GetCarsAvailable pred=RentalCars_3_GetCarsAvailable name_ok=True args_ok=True (1485ms)
[base_permuted] live_multiple_152-58-6 n_cand=4 bucket=primitive gold=get_sensor_readings_latest pred=get_sensor_readings_latest name_ok=True args_ok=False (1971ms)
[base_permuted] live_multiple_60-22-7 n_cand=4 bucket=primitive gold=inventory_management pred=inventory_management name_ok=True args_ok=False (1354ms)
[base_permuted] live_multiple_1026-255-0 n_cand=3 bucket=primitive gold=CustomDashboardsApi.get_shareable_api_tokens pred=CustomDashboardsApi.get_shareable_api_tokens name_ok=True args_ok=True (1281ms)
[base_permuted] live_multiple_653-161-21 n_cand=6 bucket=primitive gold=Music_3_LookupMusic pred=Music_3_LookupMusic name_ok=True args_ok=True (1533ms)
[base_permuted] live_multiple_321-132-11 n_cand=3 bucket=primitive gold=Movies_3_FindMovies pred=Movies_3_FindMovies name_ok=True args_ok=True (1155ms)
[base_permuted] live_multiple_941-195-0 n_cand=2 bucket=primitive gold=play_song pred=play_song name_ok=True args_ok=True (843ms)
[base_permuted] live_multiple_570-155-10 n_cand=6 bucket=primitive gold=Events_3_FindEvents pred=Events_3_FindEvents name_ok=True args_ok=True (1364ms)
[base_permuted] live_multiple_1021-250-0 n_cand=3 bucket=primitive gold=restore_mobile_app_alert_config pred=restore_mobile_app_alert_config name_ok=True args_ok=True (1370ms)
[base_permuted] live_multiple_854-180-2 n_cand=4 bucket=primitive gold=Buses_3_FindBus pred=Buses_3_FindBus name_ok=True args_ok=False (1688ms)
[base_permuted] live_multiple_284-128-7 n_cand=3 bucket=primitive gold=Restaurants_2_FindRestaurants pred=Restaurants_2_FindRestaurants name_ok=True args_ok=True (1202ms)
[base_permuted] live_multiple_437-142-3 n_cand=6 bucket=primitive gold=RentalCars_3_GetCarsAvailable pred=RentalCars_3_GetCarsAvailable name_ok=True args_ok=True (1997ms)
[base_permuted] live_multiple_81-36-2 n_cand=4 bucket=primitive gold=add_mtnards_server pred=add_mtnards_server name_ok=True args_ok=True (1350ms)
[base_permuted] live_multiple_44-17-0 n_cand=8 bucket=primitive gold=BankStatementOverView pred=BankStatementOverView name_ok=True args_ok=False (2328ms)
[base_permuted] live_multiple_6-3-1 n_cand=4 bucket=primitive gold=create_workspace pred=None name_ok=False args_ok=False (2710ms)
[base_permuted] live_multiple_47-18-2 n_cand=3 bucket=primitive gold=order_status_check pred=order_status_check name_ok=True args_ok=True (1031ms)
[base_permuted] live_multiple_638-161-6 n_cand=6 bucket=primitive gold=Music_3_LookupMusic pred=Music_3_LookupMusic name_ok=True args_ok=True (1796ms)
[base_permuted] live_multiple_947-197-0 n_cand=4 bucket=primitive gold=set_countdown pred=set_countdown name_ok=True args_ok=True (2913ms)
[base_permuted] live_multiple_517-150-5 n_cand=5 bucket=primitive gold=Movies_1_FindMovies pred=Movies_1_FindMovies name_ok=True args_ok=True (2459ms)
[base_permuted] live_multiple_139-53-1 n_cand=2 bucket=primitive gold=stock_price.get pred=stock_price.get name_ok=True args_ok=True (2223ms)
[base_permuted] live_multiple_794-175-0 n_cand=5 bucket=primitive gold=Weather_1_GetWeather pred=Weather_1_GetWeather name_ok=True args_ok=True (2966ms)
[base_permuted] live_multiple_381-136-2 n_cand=7 bucket=primitive gold=Alarm_1_GetAlarms pred=Alarm_1_GetAlarms name_ok=True args_ok=True (2903ms)
[base_permuted] live_multiple_231-104-0 n_cand=3 bucket=primitive gold=get_contact_information pred=get_contact_information name_ok=True args_ok=True (1719ms)
[base_permuted] live_multiple_565-155-5 n_cand=6 bucket=primitive gold=Events_3_FindEvents pred=Events_3_FindEvents name_ok=True args_ok=True (2374ms)
[base_permuted] live_multiple_238-106-4 n_cand=4 bucket=primitive gold=set_float pred=set_float name_ok=True args_ok=True (1629ms)
[base_permuted] live_multiple_447-144-7 n_cand=6 bucket=primitive gold=Services_4_FindProvider pred=Services_4_FindProvider name_ok=True args_ok=True (1882ms)
[base_permuted] live_multiple_842-178-17 n_cand=3 bucket=primitive gold=Music_3_PlayMedia pred=Music_3_PlayMedia name_ok=True args_ok=True (1742ms)
[base_permuted] live_multiple_374-134-19 n_cand=3 bucket=primitive gold=Movies_3_FindMovies pred=Movies_3_FindMovies name_ok=True args_ok=True (1375ms)
[base_permuted] live_multiple_39-14-1 n_cand=2 bucket=primitive gold=review_of_interviewer pred=review_of_interviewer name_ok=True args_ok=True (875ms)
[base_permuted] live_multiple_129-50-1 n_cand=5 bucket=freetext gold=search_engine.query pred=search_engine.query name_ok=True args_ok=True (1545ms)
[base_permuted] live_multiple_711-164-27 n_cand=3 bucket=primitive gold=Movies_3_FindMovies pred=Movies_3_FindMovies name_ok=True args_ok=True (1036ms)
[base_permuted] live_multiple_873-182-10 n_cand=5 bucket=primitive gold=Movies_1_FindMovies pred=Movies_1_FindMovies name_ok=True args_ok=True (1369ms)
[base_permuted] live_multiple_521-150-9 n_cand=5 bucket=primitive gold=Movies_1_FindMovies pred=Movies_1_FindMovies name_ok=True args_ok=True (1644ms)
[base_permuted] live_multiple_247-111-0 n_cand=3 bucket=primitive gold=analysis_api.AnalysisApi.retrieve_analysis pred=analysis_api.AnalysisApi.retrieve_analysis name_ok=True args_ok=True (1239ms)
[base_permuted] live_multiple_999-230-0 n_cand=3 bucket=atomic gold=health_api.HealthApi.get_version pred=health_api.HealthApi.get_version name_ok=True args_ok=True (1068ms)
[base_permuted] live_multiple_726-166-1 n_cand=3 bucket=primitive gold=Services_1_FindProvider pred=Services_1_FindProvider name_ok=True args_ok=True (1245ms)
[base_permuted] live_multiple_972-212-1 n_cand=2 bucket=primitive gold=get_service_providers pred=get_service_providers name_ok=True args_ok=False (1497ms)
[base_permuted] live_multiple_978-215-2 n_cand=2 bucket=primitive gold=get_service_providers pred=get_service_providers name_ok=True args_ok=True (2175ms)
[base_permuted] live_multiple_347-133-11 n_cand=4 bucket=primitive gold=Music_3_LookupMusic pred=Music_3_LookupMusic name_ok=True args_ok=True (1075ms)
[base_permuted] live_multiple_745-169-0 n_cand=5 bucket=primitive gold=Media_3_FindMovies pred=Media_3_FindMovies name_ok=True args_ok=True (1266ms)
[base_permuted] live_multiple_427-141-16 n_cand=3 bucket=freetext gold=Movies_1_FindMovies pred=Movies_1_FindMovies name_ok=True args_ok=True (1443ms)
[base_permuted] live_multiple_1039-266-0 n_cand=7 bucket=freetext gold=detail_experience_and_education pred=detail_experience_and_education name_ok=True args_ok=False (1515ms)
[base_permuted] live_multiple_98-42-2 n_cand=9 bucket=primitive gold=open_project pred=open_project name_ok=True args_ok=True (2306ms)
[base_permuted] live_multiple_991-222-0 n_cand=3 bucket=primitive gold=website_configuration_api.WebsiteConfigurationApi.rename_website pred=website_configuration_api.WebsiteConfigurationApi.rename_website name_ok=True args_ok=True (858ms)
[base_permuted] live_multiple_223-97-0 n_cand=3 bucket=primitive gold=list_directory_contents pred=list_directory_contents name_ok=True args_ok=True (933ms)
[base_permuted] live_multiple_261-125-0 n_cand=5 bucket=primitive gold=rotateImageAction pred=rotateImageAction name_ok=True args_ok=True (1100ms)
[base_permuted] live_multiple_458-145-9 n_cand=5 bucket=primitive gold=Travel_1_FindAttractions pred=Travel_1_FindAttractions name_ok=True args_ok=True (1752ms)
[base_permuted] live_multiple_361-134-6 n_cand=3 bucket=primitive gold=Movies_3_FindMovies pred=Movies_3_FindMovies name_ok=True args_ok=True (1376ms)
[base_permuted] live_multiple_220-94-2 n_cand=3 bucket=primitive gold=get_sensor_readings_latest pred=get_sensor_readings_latest name_ok=True args_ok=False (1738ms)
[base_permuted] live_multiple_43-16-2 n_cand=2 bucket=primitive gold=get_services pred=get_services name_ok=True args_ok=True (829ms)
[base_permuted] live_multiple_809-176-0 n_cand=2 bucket=primitive gold=Alarm_1_AddAlarm pred=Alarm_1_AddAlarm name_ok=True args_ok=True (883ms)
[base_permuted] live_multiple_58-22-5 n_cand=4 bucket=primitive gold=inventory_management pred=None name_ok=False args_ok=False (4839ms)
[base_permuted] live_multiple_960-205-0 n_cand=2 bucket=primitive gold=get_current_weather pred=get_current_weather name_ok=True args_ok=True (880ms)
[base_permuted] live_multiple_338-133-2 n_cand=4 bucket=primitive gold=Music_3_LookupMusic pred=Music_3_LookupMusic name_ok=True args_ok=True (1355ms)
[base_permuted] live_multiple_843-178-18 n_cand=3 bucket=primitive gold=Music_3_LookupMusic pred=Music_3_LookupMusic name_ok=True args_ok=True (1378ms)
[base_permuted] live_multiple_502-148-12 n_cand=4 bucket=primitive gold=Events_3_FindEvents pred=Events_3_FindEvents name_ok=True args_ok=False (1398ms)
[base_permuted] live_multiple_902-185-12 n_cand=4 bucket=primitive gold=Payment_1_MakePayment pred=Payment_1_MakePayment name_ok=True args_ok=False (1494ms)
[base_permuted] live_multiple_864-182-1 n_cand=5 bucket=primitive gold=Movies_1_FindMovies pred=Movies_1_FindMovies name_ok=True args_ok=True (2049ms)
[base_permuted] live_multiple_802-175-8 n_cand=5 bucket=primitive gold=Weather_1_GetWeather pred=Weather_1_GetWeather name_ok=True args_ok=True (1296ms)
[base_permuted] live_multiple_385-137-3 n_cand=5 bucket=primitive gold=Services_1_FindProvider pred=Services_1_FindProvider name_ok=True args_ok=True (1084ms)
[base_permuted] live_multiple_741-168-3 n_cand=5 bucket=primitive gold=Payment_1_MakePayment pred=Payment_1_MakePayment name_ok=True args_ok=False (1546ms)
[base_permuted] live_multiple_512-150-0 n_cand=5 bucket=primitive gold=Movies_1_FindMovies pred=Movies_1_FindMovies name_ok=True args_ok=True (1994ms)
[base_permuted] live_multiple_480-146-5 n_cand=2 bucket=primitive gold=Music_3_PlayMedia pred=Music_3_PlayMedia name_ok=True args_ok=True (1270ms)
[base_permuted] live_multiple_676-163-1 n_cand=3 bucket=primitive gold=Weather_1_GetWeather pred=Weather_1_GetWeather name_ok=True args_ok=True (1023ms)
[base_permuted] live_multiple_455-145-6 n_cand=5 bucket=primitive gold=Travel_1_FindAttractions pred=Travel_1_FindAttractions name_ok=True args_ok=True (2105ms)
[base_permuted] live_multiple_532-151-8 n_cand=2 bucket=primitive gold=Events_3_FindEvents pred=Events_3_FindEvents name_ok=True args_ok=True (919ms)
[base_permuted] live_multiple_271-127-6 n_cand=5 bucket=primitive gold=Weather_1_GetWeather pred=Weather_1_GetWeather name_ok=True args_ok=True (2032ms)
[base_permuted] live_multiple_145-57-0 n_cand=3 bucket=primitive gold=get_shopping pred=get_shopping name_ok=True args_ok=True (935ms)
[base_permuted] live_multiple_245-109-0 n_cand=3 bucket=atomic gold=version_api.VersionApi.get_version pred=version_api.VersionApi.get_version name_ok=True args_ok=True (874ms)
[base_permuted] live_multiple_303-131-2 n_cand=5 bucket=primitive gold=Hotels_4_SearchHotel pred=Hotels_4_SearchHotel name_ok=True args_ok=True (1788ms)
[base_permuted] live_multiple_590-157-11 n_cand=3 bucket=primitive gold=Media_3_FindMovies pred=Media_3_FindMovies name_ok=True args_ok=True (1271ms)
[base_permuted] live_multiple_920-191-8 n_cand=2 bucket=primitive gold=get_service_providers pred=get_service_providers name_ok=True args_ok=False (2452ms)
[base_permuted] live_multiple_327-132-17 n_cand=3 bucket=primitive gold=Movies_3_FindMovies pred=Movies_3_FindMovies name_ok=True args_ok=True (1142ms)
[base_permuted] live_multiple_234-106-0 n_cand=4 bucket=primitive gold=set_integer pred=set_integer name_ok=True args_ok=True (913ms)
[base_permuted] live_multiple_393-138-1 n_cand=2 bucket=primitive gold=Services_1_FindProvider pred=Services_1_FindProvider name_ok=True args_ok=True (922ms)
[base_permuted] live_multiple_399-139-3 n_cand=3 bucket=primitive gold=Events_3_FindEvents pred=Events_3_FindEvents name_ok=True args_ok=True (1021ms)
[base_permuted] live_multiple_187-82-0 n_cand=2 bucket=primitive gold=quarterly_earnings pred=quarterly_earnings name_ok=True args_ok=True (910ms)
[base_permuted] live_multiple_24-5-1 n_cand=2 bucket=primitive gold=search_products pred=search_products name_ok=True args_ok=False (982ms)
[base_permuted] live_multiple_668-162-10 n_cand=8 bucket=primitive gold=Events_3_FindEvents pred=Events_3_FindEvents name_ok=True args_ok=True (1786ms)
[base_permuted] live_multiple_500-148-10 n_cand=4 bucket=primitive gold=Events_3_FindEvents pred=Events_3_FindEvents name_ok=True args_ok=True (1410ms)
[base_permuted] live_multiple_463-145-14 n_cand=5 bucket=primitive gold=Travel_1_FindAttractions pred=Travel_1_FindAttractions name_ok=True args_ok=True (1437ms)
[base_permuted] live_multiple_400-139-4 n_cand=3 bucket=primitive gold=Events_3_FindEvents pred=Events_3_FindEvents name_ok=True args_ok=True (1042ms)
[base_permuted] live_multiple_165-65-1 n_cand=4 bucket=primitive gold=get_adriel_list_projects pred=get_adriel_list_projects name_ok=True args_ok=True (1030ms)
[base_permuted] live_multiple_982-215-6 n_cand=2 bucket=primitive gold=get_service_providers pred=get_service_providers name_ok=True args_ok=True (1848ms)
[base_permuted] live_multiple_20-4-12 n_cand=5 bucket=primitive gold=ControlAppliance.execute pred=ControlAppliance.execute name_ok=True args_ok=True (1509ms)
[base_permuted] live_multiple_908-187-0 n_cand=5 bucket=primitive gold=Travel_1_FindAttractions pred=Travel_1_FindAttractions name_ok=True args_ok=True (1581ms)
[base_permuted] live_multiple_929-191-17 n_cand=2 bucket=primitive gold=get_service_providers pred=get_service_providers name_ok=True args_ok=False (1484ms)
[base_permuted] live_multiple_797-175-3 n_cand=5 bucket=primitive gold=Weather_1_GetWeather pred=Weather_1_GetWeather name_ok=True args_ok=True (1323ms)
[base_permuted] live_multiple_100-42-4 n_cand=9 bucket=primitive gold=connect_to_server pred=connect_to_server name_ok=True args_ok=True (1348ms)
[base_permuted] live_multiple_772-171-5 n_cand=4 bucket=primitive gold=Services_1_FindProvider pred=Services_1_FindProvider name_ok=True args_ok=True (1523ms)
[base_permuted] live_multiple_184-79-0 n_cand=5 bucket=primitive gold=search_advice pred=search_advice name_ok=True args_ok=True (978ms)
[base_permuted] live_multiple_542-152-4 n_cand=4 bucket=primitive gold=Homes_2_FindHomeByArea pred=Homes_2_FindHomeByArea name_ok=True args_ok=True (1392ms)
[base_permuted] live_multiple_516-150-4 n_cand=5 bucket=primitive gold=Movies_1_FindMovies pred=Movies_1_FindMovies name_ok=True args_ok=True (1650ms)
[base_permuted] live_multiple_942-196-0 n_cand=2 bucket=primitive gold=play_song pred=play_song name_ok=True args_ok=True (1161ms)
[base_permuted] live_multiple_206-91-0 n_cand=7 bucket=primitive gold=contact pred=contact name_ok=True args_ok=True (1157ms)
[base_permuted] live_multiple_88-38-5 n_cand=5 bucket=primitive gold=list_servers pred=list_servers name_ok=True args_ok=True (1379ms)
[base_permuted] live_multiple_398-139-2 n_cand=3 bucket=primitive gold=Events_3_FindEvents pred=Events_3_FindEvents name_ok=True args_ok=True (1021ms)
[base_permuted] live_multiple_443-144-3 n_cand=6 bucket=primitive gold=Services_4_FindProvider pred=Services_4_FindProvider name_ok=True args_ok=True (1622ms)
[base_permuted] live_multiple_192-86-0 n_cand=3 bucket=freetext gold=analyze_image_with_question.pipeline pred=initialize_question_answering_pipeline name_ok=False args_ok=False (1361ms)
[base_permuted] live_multiple_7-3-2 n_cand=4 bucket=primitive gold=create_workspace pred=create_workspace name_ok=True args_ok=True (989ms)
[base_permuted] live_multiple_449-145-0 n_cand=5 bucket=primitive gold=Flights_4_SearchRoundtripFlights pred=Flights_4_SearchRoundtripFlights name_ok=True args_ok=True (2057ms)
[base_permuted] live_multiple_965-207-1 n_cand=2 bucket=freetext gold=transfer_to_human_agent pred=transfer_to_human_agent name_ok=True args_ok=False (2229ms)
[base_permuted] live_multiple_948-198-0 n_cand=3 bucket=primitive gold=set_alarm pred=set_alarm name_ok=True args_ok=False (2627ms)
[base_permuted] live_multiple_622-160-2 n_cand=2 bucket=primitive gold=Payment_1_MakePayment pred=Payment_1_MakePayment name_ok=True args_ok=False (1213ms)
[base_permuted] live_multiple_25-6-0 n_cand=9 bucket=freetext gold=recall_memory_search pred=recall_memory_search name_ok=True args_ok=True (1817ms)
[base_permuted] live_multiple_910-189-0 n_cand=5 bucket=atomic gold=version_api.VersionApi.get_version pred=version_api.VersionApi.get_version name_ok=True args_ok=True (966ms)
[base_permuted] live_multiple_847-179-1 n_cand=2 bucket=primitive gold=Restaurants_2_ReserveRestaurant pred=Restaurants_2_ReserveRestaurant name_ok=True args_ok=False (1364ms)
[base_permuted] live_multiple_22-4-14 n_cand=5 bucket=primitive gold=HNA_WQA.search pred=HNA_NEWS.search name_ok=False args_ok=False (2199ms)
[base_permuted] live_multiple_917-191-5 n_cand=2 bucket=primitive gold=view_service_provider_profile pred=view_service_provider_profile name_ok=True args_ok=True (1121ms)
[base_permuted] live_multiple_189-83-0 n_cand=5 bucket=primitive gold=sendHttpRequest pred=sendHttpRequest name_ok=True args_ok=False (1762ms)
[base_permuted] live_multiple_602-158-8 n_cand=2 bucket=primitive gold=Hotels_4_SearchHotel pred=Hotels_4_SearchHotel name_ok=True args_ok=True (990ms)
[base_permuted] live_multiple_138-53-0 n_cand=2 bucket=primitive gold=weather.get pred=weather.get name_ok=True args_ok=True (924ms)
[base_permuted] live_multiple_717-165-4 n_cand=3 bucket=primitive gold=Hotels_2_SearchHouse pred=Hotels_2_SearchHouse name_ok=True args_ok=False (1429ms)
[base_permuted] live_multiple_861-181-2 n_cand=2 bucket=primitive gold=Trains_1_GetTrainTickets pred=Trains_1_GetTrainTickets name_ok=True args_ok=False (1652ms)
[base_permuted] live_multiple_560-155-0 n_cand=6 bucket=primitive gold=Events_3_FindEvents pred=Events_3_FindEvents name_ok=True args_ok=True (1343ms)
[base_permuted] live_multiple_856-180-4 n_cand=4 bucket=primitive gold=Buses_3_BuyBusTicket pred=Buses_3_BuyBusTicket name_ok=True args_ok=False (1865ms)
[base_permuted] live_multiple_1023-252-0 n_cand=4 bucket=atomic gold=version_api.VersionApi.get_version pred=version_api.VersionApi.get_version name_ok=True args_ok=True (1104ms)
[base_permuted] live_multiple_700-164-16 n_cand=3 bucket=primitive gold=Movies_3_FindMovies pred=Movies_3_FindMovies name_ok=True args_ok=True (1034ms)
[base_permuted] live_multiple_308-131-7 n_cand=5 bucket=primitive gold=Hotels_4_SearchHotel pred=Hotels_4_SearchHotel name_ok=True args_ok=True (1427ms)
[base_permuted] live_multiple_782-173-4 n_cand=3 bucket=primitive gold=Services_4_FindProvider pred=Services_4_FindProvider name_ok=True args_ok=True (1296ms)
[base_permuted] live_multiple_384-137-2 n_cand=5 bucket=primitive gold=Services_1_FindProvider pred=Services_1_FindProvider name_ok=True args_ok=True (1377ms)
[base_permuted] live_multiple_866-182-3 n_cand=5 bucket=primitive gold=Movies_1_FindMovies pred=Movies_1_GetTimesForMovie name_ok=False args_ok=False (1724ms)
[base_permuted] live_multiple_194-87-1 n_cand=3 bucket=primitive gold=CalcProduct pred=CalcProduct name_ok=True args_ok=True (873ms)
[base_permuted] live_multiple_492-148-2 n_cand=4 bucket=primitive gold=Events_3_FindEvents pred=Events_3_FindEvents name_ok=True args_ok=True (1083ms)
[base_permuted] live_multiple_128-50-0 n_cand=5 bucket=primitive gold=generate_human_image pred=generate_image name_ok=False args_ok=False (1842ms)
[base_permuted] live_multiple_608-159-1 n_cand=4 bucket=primitive gold=Events_3_FindEvents pred=Events_3_FindEvents name_ok=True args_ok=True (1105ms)
[base_permuted] live_multiple_342-133-6 n_cand=4 bucket=primitive gold=Music_3_LookupMusic pred=Music_3_LookupMusic name_ok=True args_ok=True (1404ms)
[base_permuted] live_multiple_273-127-8 n_cand=5 bucket=primitive gold=Weather_1_GetWeather pred=Weather_1_GetWeather name_ok=True args_ok=True (1387ms)
[base_permuted] live_multiple_569-155-9 n_cand=6 bucket=primitive gold=Events_3_FindEvents pred=Events_3_FindEvents name_ok=True args_ok=True (1667ms)
[base_permuted] live_multiple_141-54-1 n_cand=2 bucket=primitive gold=stock_price.get pred=stock_price.get name_ok=True args_ok=True (891ms)
[base_permuted] live_multiple_179-75-1 n_cand=5 bucket=primitive gold=HNA_NEWS.search pred=HNA_NEWS.search name_ok=True args_ok=True (1491ms)
[base_permuted] live_multiple_368-134-13 n_cand=3 bucket=primitive gold=Movies_3_FindMovies pred=Movies_3_FindMovies name_ok=True args_ok=True (1364ms)
[base_permuted] live_multiple_687-164-3 n_cand=3 bucket=primitive gold=Movies_3_FindMovies pred=Movies_3_FindMovies name_ok=True args_ok=True (1331ms)
[base_permuted] live_multiple_874-182-11 n_cand=5 bucket=primitive gold=Movies_1_FindMovies pred=Movies_1_FindMovies name_ok=True args_ok=True (1389ms)
[base_permuted] live_multiple_748-169-3 n_cand=5 bucket=primitive gold=Media_3_FindMovies pred=Media_3_FindMovies name_ok=True args_ok=True (1244ms)
[base_permuted] live_multiple_994-225-0 n_cand=3 bucket=primitive gold=EventSettingsApi.restore_mobile_app_alert_config pred=EventSettingsApi.restore_mobile_app_alert_config name_ok=True args_ok=True (914ms)
[base_permuted] live_multiple_232-104-1 n_cand=3 bucket=primitive gold=get_contact_information pred=get_contact_information name_ok=True args_ok=True (912ms)
[base_permuted] live_multiple_631-160-11 n_cand=2 bucket=primitive gold=Payment_1_RequestPayment pred=Payment_1_RequestPayment name_ok=True args_ok=False (1244ms)
[base_permuted] live_multiple_424-141-13 n_cand=3 bucket=freetext gold=Movies_1_FindMovies pred=Movies_1_FindMovies name_ok=True args_ok=False (1430ms)
[base_permuted] live_multiple_660-162-2 n_cand=8 bucket=primitive gold=Events_3_FindEvents pred=Events_3_FindEvents name_ok=True args_ok=False (2403ms)
[base_permuted] live_multiple_780-173-2 n_cand=3 bucket=primitive gold=Services_4_FindProvider pred=Services_4_FindProvider name_ok=True args_ok=True (963ms)
[base_permuted] live_multiple_363-134-8 n_cand=3 bucket=primitive gold=Movies_3_FindMovies pred=Movies_3_FindMovies name_ok=True args_ok=False (1399ms)
[base_permuted] live_multiple_346-133-10 n_cand=4 bucket=primitive gold=Music_3_LookupMusic pred=Music_3_LookupMusic name_ok=True args_ok=True (1372ms)
[base_permuted] live_multiple_731-167-2 n_cand=4 bucket=primitive gold=Homes_2_FindHomeByArea pred=Homes_2_FindHomeByArea name_ok=True args_ok=True (1773ms)
[base_permuted] live_multiple_115-45-0 n_cand=5 bucket=primitive gold=analysis_api.AnalysisApi.retrieve_analysis pred=analysis_api.AnalysisApi.retrieve_analysis name_ok=True args_ok=True (1370ms)
[base_permuted] live_multiple_503-149-0 n_cand=4 bucket=primitive gold=Flights_4_SearchOnewayFlight pred=Flights_4_SearchOnewayFlight name_ok=True args_ok=True (1673ms)
[base_permuted] live_multiple_646-161-14 n_cand=6 bucket=primitive gold=Music_3_LookupMusic pred=Music_3_LookupMusic name_ok=True args_ok=True (1867ms)
[base_permuted] live_multiple_585-157-6 n_cand=3 bucket=primitive gold=Media_3_FindMovies pred=Media_3_FindMovies name_ok=True args_ok=True (964ms)
[base_permuted] live_multiple_722-165-9 n_cand=3 bucket=primitive gold=Hotels_2_SearchHouse pred=Hotels_2_SearchHouse name_ok=True args_ok=True (1425ms)
[base_permuted] live_multiple_198-90-0 n_cand=7 bucket=atomic gold=adriel_contact pred=adriel_contact name_ok=True args_ok=True (1070ms)
[base_permuted] live_multiple_884-184-1 n_cand=5 bucket=primitive gold=Buses_3_FindBus pred=Buses_3_FindBus name_ok=True args_ok=False (1721ms)
[base_permuted] live_multiple_907-186-4 n_cand=4 bucket=primitive gold=Trains_1_FindTrains pred=None name_ok=False args_ok=False (2891ms)
[base_permuted] live_multiple_880-183-5 n_cand=6 bucket=primitive gold=Travel_1_FindAttractions pred=Travel_1_FindAttractions name_ok=True args_ok=True (1708ms)
[base_permuted] live_multiple_1007-236-0 n_cand=3 bucket=primitive gold=software_versions pred=software_versions name_ok=True args_ok=True (910ms)
[base_permuted] live_multiple_1010-239-0 n_cand=3 bucket=primitive gold=CustomDashboardsApi.get_custom_dashboards pred=CustomDashboardsApi.get_custom_dashboards name_ok=True args_ok=True (1197ms)
[base_permuted] live_multiple_389-137-7 n_cand=5 bucket=primitive gold=Services_1_FindProvider pred=Services_1_FindProvider name_ok=True args_ok=True (1407ms)
[base_permuted] live_multiple_575-156-1 n_cand=5 bucket=primitive gold=Services_1_FindProvider pred=Services_1_FindProvider name_ok=True args_ok=True (1192ms)
[base_permuted] live_multiple_821-177-4 n_cand=4 bucket=primitive gold=Events_3_FindEvents pred=None name_ok=False args_ok=False (3217ms)
[base_permuted] live_multiple_629-160-9 n_cand=2 bucket=primitive gold=Payment_1_MakePayment pred=Payment_1_MakePayment name_ok=True args_ok=False (1231ms)
[base_permuted] live_multiple_164-65-0 n_cand=4 bucket=primitive gold=get_detail_adriel_project pred=get_detail_adriel_project name_ok=True args_ok=True (1014ms)
[base_permuted] live_multiple_621-160-1 n_cand=2 bucket=primitive gold=Payment_1_MakePayment pred=Payment_1_MakePayment name_ok=True args_ok=False (1247ms)
[base_permuted] live_multiple_244-108-0 n_cand=5 bucket=atomic gold=version_api.VersionApi.get_version pred=version_api.VersionApi.get_version name_ok=True args_ok=True (965ms)
[base_permuted] live_multiple_418-141-7 n_cand=3 bucket=primitive gold=Movies_1_BuyMovieTickets pred=Movies_1_BuyMovieTickets name_ok=True args_ok=True (1405ms)
[base_permuted] live_multiple_163-64-0 n_cand=3 bucket=primitive gold=get_detail_adriel_project pred=get_detail_adriel_project name_ok=True args_ok=True (946ms)
[base_permuted] live_multiple_320-132-10 n_cand=3 bucket=primitive gold=Movies_3_FindMovies pred=Movies_3_FindMovies name_ok=True args_ok=True (1472ms)
[base_permuted] live_multiple_131-50-3 n_cand=5 bucket=primitive gold=multilingual_llm pred=multilingual_llm name_ok=True args_ok=True (1508ms)
[base_permuted] live_multiple_576-156-2 n_cand=5 bucket=primitive gold=Services_1_FindProvider pred=Services_1_FindProvider name_ok=True args_ok=True (1508ms)
[base_permuted] live_multiple_955-202-1 n_cand=2 bucket=primitive gold=uber.eat.order pred=uber.eat.order name_ok=True args_ok=False (1223ms)
[base_permuted] live_multiple_651-161-19 n_cand=6 bucket=primitive gold=Music_3_PlayMedia pred=Music_3_PlayMedia name_ok=True args_ok=True (2209ms)
[base_permuted] live_multiple_937-193-0 n_cand=3 bucket=freetext gold=acl_api.AclApi.retrieve_projects pred=acl_api.AclApi.retrieve_projects name_ok=True args_ok=True (1226ms)
[base_permuted] live_multiple_51-21-0 n_cand=4 bucket=primitive gold=order_status_check pred=order_status_check name_ok=True args_ok=True (1023ms)
[base_permuted] live_multiple_370-134-15 n_cand=3 bucket=primitive gold=Movies_3_FindMovies pred=Movies_3_FindMovies name_ok=True args_ok=True (1371ms)
[base_permuted] live_multiple_914-191-2 n_cand=2 bucket=primitive gold=view_service_provider_profile pred=None name_ok=False args_ok=False (2510ms)
[base_permuted] live_multiple_54-22-1 n_cand=4 bucket=primitive gold=inventory_management pred=None name_ok=False args_ok=False (5550ms)
[base_permuted] live_multiple_1013-242-0 n_cand=3 bucket=primitive gold=get_synthetic_locations pred=get_synthetic_locations name_ok=True args_ok=True (1234ms)
[base_permuted] live_multiple_589-157-10 n_cand=3 bucket=primitive gold=Media_3_FindMovies pred=Media_3_FindMovies name_ok=True args_ok=True (947ms)
[base_permuted] live_multiple_511-149-8 n_cand=4 bucket=primitive gold=Flights_4_SearchOnewayFlight pred=Flights_4_SearchOnewayFlight name_ok=True args_ok=True (1690ms)
[base_permuted] live_multiple_210-91-4 n_cand=7 bucket=primitive gold=detail_experience_and_education pred=detail_experience_and_education name_ok=True args_ok=True (1510ms)
[base_permuted] live_multiple_1006-235-0 n_cand=3 bucket=primitive gold=get_monitoring_state pred=get_monitoring_state name_ok=True args_ok=True (884ms)
[base_permuted] live_multiple_410-140-6 n_cand=3 bucket=freetext gold=RideSharing_2_GetRide pred=None name_ok=False args_ok=False (3151ms)
[base_permuted] live_multiple_354-133-18 n_cand=4 bucket=primitive gold=Music_3_LookupMusic pred=Music_3_LookupMusic name_ok=True args_ok=True (1411ms)
[base_permuted] live_multiple_891-185-1 n_cand=4 bucket=primitive gold=Payment_1_RequestPayment pred=Payment_1_RequestPayment name_ok=True args_ok=False (1473ms)
[base_permuted] live_multiple_848-179-2 n_cand=2 bucket=primitive gold=Restaurants_2_FindRestaurants pred=Restaurants_2_FindRestaurants name_ok=True args_ok=True (1354ms)
[base_permuted] live_multiple_685-164-1 n_cand=3 bucket=primitive gold=Movies_3_FindMovies pred=Movies_3_FindMovies name_ok=True args_ok=True (1031ms)
[base_permuted] live_multiple_584-157-5 n_cand=3 bucket=freetext gold=Media_3_FindMovies pred=Media_3_FindMovies name_ok=True args_ok=False (1289ms)
[base_permuted] live_multiple_755-169-10 n_cand=5 bucket=primitive gold=Media_3_FindMovies pred=Media_3_FindMovies name_ok=True args_ok=False (1597ms)
[base_permuted] live_multiple_508-149-5 n_cand=4 bucket=primitive gold=Flights_4_SearchOnewayFlight pred=Flights_4_SearchOnewayFlight name_ok=True args_ok=True (1674ms)
[base_permuted] live_multiple_650-161-18 n_cand=6 bucket=primitive gold=Music_3_LookupMusic pred=Music_3_LookupMusic name_ok=True args_ok=True (1866ms)
[base_permuted] live_multiple_898-185-8 n_cand=4 bucket=primitive gold=Payment_1_MakePayment pred=Payment_1_MakePayment name_ok=True args_ok=False (1494ms)
[base_permuted] live_multiple_1014-243-0 n_cand=3 bucket=primitive gold=get_identity_provider_patch pred=get_identity_provider_patch name_ok=True args_ok=True (997ms)
[base_permuted] live_multiple_157-60-0 n_cand=2 bucket=primitive gold=get_adriel_projects pred=get_adriel_projects name_ok=True args_ok=True (1208ms)
[base_permuted] live_multiple_667-162-9 n_cand=8 bucket=primitive gold=Events_3_FindEvents pred=Events_3_FindEvents name_ok=True args_ok=True (1778ms)
[base_permuted] live_multiple_1025-254-0 n_cand=3 bucket=primitive gold=MaintenanceConfigurationApi.get_maintenance_config pred=MaintenanceConfigurationApi.get_maintenance_config name_ok=True args_ok=True (873ms)
[base_permuted] live_multiple_465-145-16 n_cand=5 bucket=primitive gold=Flights_4_SearchOnewayFlight pred=Flights_4_SearchOnewayFlight name_ok=True args_ok=False (1760ms)
[base_permuted] live_multiple_679-163-4 n_cand=3 bucket=primitive gold=Weather_1_GetWeather pred=Weather_1_GetWeather name_ok=True args_ok=True (1037ms)
[base_permuted] live_multiple_737-167-8 n_cand=4 bucket=primitive gold=Homes_2_FindHomeByArea pred=Homes_2_FindHomeByArea name_ok=True args_ok=True (1450ms)
[base_permuted] live_multiple_4-2-1 n_cand=2 bucket=primitive gold=uber.ride pred=uber.ride name_ok=True args_ok=True (1225ms)
[base_permuted] live_multiple_665-162-7 n_cand=8 bucket=primitive gold=Events_3_FindEvents pred=Events_3_FindEvents name_ok=True args_ok=False (2071ms)
[base_permuted] live_multiple_159-62-0 n_cand=2 bucket=freetext gold=get_detail_adriel_projects pred=get_detail_adriel_projects name_ok=True args_ok=True (883ms)
[base_permuted] live_multiple_495-148-5 n_cand=4 bucket=primitive gold=Events_3_FindEvents pred=Events_3_FindEvents name_ok=True args_ok=True (1390ms)
[base_permuted] live_multiple_635-161-3 n_cand=6 bucket=primitive gold=Music_3_LookupMusic pred=Music_3_LookupMusic name_ok=True args_ok=True (1527ms)
[base_permuted] live_multiple_844-178-19 n_cand=3 bucket=primitive gold=Music_3_LookupMusic pred=Music_3_LookupMusic name_ok=True args_ok=True (1386ms)
[base_permuted] live_multiple_883-184-0 n_cand=5 bucket=primitive gold=Buses_3_FindBus pred=Buses_3_FindBus name_ok=True args_ok=True (1667ms)
[base_permuted] live_multiple_1034-262-0 n_cand=3 bucket=primitive gold=audit_log_api.AuditLogApi.get_access_logs pred=audit_log_api.AuditLogApi.get_access_logs name_ok=True args_ok=True (968ms)
[base_permuted] live_multiple_230-103-1 n_cand=3 bucket=primitive gold=get_contact_information pred=get_contact_information name_ok=True args_ok=True (913ms)
[base_permuted] live_multiple_124-47-0 n_cand=6 bucket=freetext gold=duck_duck_go pred=None name_ok=False args_ok=False (1950ms)
[base_permuted] live_multiple_150-58-4 n_cand=4 bucket=primitive gold=get_sensor_readings_latest pred=get_sensor_readings_latest name_ok=True args_ok=True (2002ms)
[base_permuted] live_multiple_31-10-1 n_cand=6 bucket=primitive gold=duck_duck_go.search pred=None name_ok=False args_ok=False (2182ms)
[base_permuted] live_multiple_483-146-8 n_cand=2 bucket=primitive gold=Music_3_LookupMusic pred=Music_3_LookupMusic name_ok=True args_ok=True (996ms)
[base_permuted] live_multiple_771-171-4 n_cand=4 bucket=primitive gold=Services_1_FindProvider pred=Services_1_FindProvider name_ok=True args_ok=True (1218ms)
[base_permuted] live_multiple_118-45-3 n_cand=5 bucket=atomic gold=version_api.VersionApi.get_version pred=version_api.VersionApi.get_version name_ok=True args_ok=True (1000ms)
[base_permuted] live_multiple_93-41-0 n_cand=7 bucket=primitive gold=add_postgres_server pred=add_postgres_server name_ok=True args_ok=True (1439ms)
[base_permuted] live_multiple_986-217-0 n_cand=5 bucket=atomic gold=version_api.VersionApi.get_version pred=version_api.VersionApi.get_version name_ok=True args_ok=True (993ms)
[base_permuted] live_multiple_1050-277-0 n_cand=3 bucket=primitive gold=Weather_1_GetWeather pred=Weather_1_GetWeather name_ok=True args_ok=True (1036ms)
[base_permuted] live_multiple_248-112-0 n_cand=5 bucket=atomic gold=version_api.VersionApi.get_version pred=version_api.VersionApi.get_version name_ok=True args_ok=True (1046ms)
[base_permuted] live_multiple_474-145-25 n_cand=5 bucket=primitive gold=Travel_1_FindAttractions pred=Travel_1_FindAttractions name_ok=True args_ok=True (1751ms)
[base_permuted] live_multiple_23-5-0 n_cand=2 bucket=primitive gold=search_products pred=search_products name_ok=True args_ok=True (1287ms)
[base_permuted] live_multiple_550-152-12 n_cand=4 bucket=primitive gold=Homes_2_FindHomeByArea pred=Homes_2_FindHomeByArea name_ok=True args_ok=True (1385ms)
[base_permuted] live_multiple_352-133-16 n_cand=4 bucket=primitive gold=Music_3_LookupMusic pred=Music_3_LookupMusic name_ok=True args_ok=True (1701ms)
[base_permuted] live_multiple_394-138-2 n_cand=2 bucket=primitive gold=Services_1_FindProvider pred=None name_ok=False args_ok=False (2938ms)
[base_permuted] live_multiple_698-164-14 n_cand=3 bucket=primitive gold=Movies_3_FindMovies pred=Movies_3_FindMovies name_ok=True args_ok=True (1023ms)
[base_permuted] live_multiple_614-159-7 n_cand=4 bucket=primitive gold=Events_3_FindEvents pred=Events_3_FindEvents name_ok=True args_ok=True (2105ms)
[base_permuted] live_multiple_642-161-10 n_cand=6 bucket=primitive gold=Music_3_LookupMusic pred=Music_3_LookupMusic name_ok=True args_ok=True (1853ms)
[base_permuted] live_multiple_14-4-6 n_cand=5 bucket=primitive gold=ControlAppliance.execute pred=ControlAppliance.execute name_ok=True args_ok=True (1537ms)
[base_permuted] live_multiple_423-141-12 n_cand=3 bucket=primitive gold=Movies_1_BuyMovieTickets pred=Movies_1_GetTimesForMovie name_ok=False args_ok=False (1748ms)
[base_permuted] live_multiple_490-148-0 n_cand=4 bucket=primitive gold=Events_3_FindEvents pred=Events_3_FindEvents name_ok=True args_ok=True (1062ms)
[base_permuted] live_multiple_65-26-1 n_cand=3 bucket=primitive gold=get_current_weather pred=get_current_weather name_ok=True args_ok=True (965ms)
[base_permuted] live_multiple_16-4-8 n_cand=5 bucket=primitive gold=HNA_NEWS.search pred=HNA_NEWS.search name_ok=True args_ok=True (1193ms)
[base_permuted] live_multiple_823-177-6 n_cand=4 bucket=primitive gold=Events_3_BuyEventTickets pred=Events_3_BuyEventTickets name_ok=True args_ok=False (1799ms)
[base_permuted] live_multiple_633-161-1 n_cand=6 bucket=primitive gold=Music_3_LookupMusic pred=Music_3_LookupMusic name_ok=True args_ok=True (1528ms)
[base_permuted] live_multiple_429-141-18 n_cand=3 bucket=primitive gold=Movies_1_BuyMovieTickets pred=Movies_1_BuyMovieTickets name_ok=True args_ok=True (1411ms)
[base_permuted] live_multiple_958-204-0 n_cand=3 bucket=primitive gold=partner.sips pred=partner.sips name_ok=True args_ok=True (873ms)
[base_permuted] live_multiple_932-191-20 n_cand=2 bucket=primitive gold=view_service_provider_profile pred=view_service_provider_profile name_ok=True args_ok=True (1120ms)
[base_permuted] live_multiple_591-157-12 n_cand=3 bucket=primitive gold=Media_3_FindMovies pred=Media_3_FindMovies name_ok=True args_ok=True (944ms)
[base_permuted] live_multiple_37-13-0 n_cand=3 bucket=primitive gold=todo_delete pred=todo_delete name_ok=True args_ok=True (916ms)
[base_permuted] live_multiple_988-219-0 n_cand=3 bucket=primitive gold=EventSettingsApi.get_event_specification_infos_by_ids pred=EventSettingsApi.get_event_specification_infos_by_ids name_ok=True args_ok=False (2112ms)
[base_permuted] live_multiple_829-178-4 n_cand=3 bucket=primitive gold=Music_3_PlayMedia pred=Music_3_PlayMedia name_ok=True args_ok=True (1343ms)
[base_permuted] live_multiple_91-40-1 n_cand=5 bucket=primitive gold=add_postgres_server pred=add_postgres_server name_ok=True args_ok=True (1391ms)
[base_permuted] live_multiple_375-134-20 n_cand=3 bucket=primitive gold=Movies_3_FindMovies pred=Movies_3_FindMovies name_ok=True args_ok=True (1039ms)
[base_permuted] live_multiple_525-151-1 n_cand=2 bucket=primitive gold=Events_3_FindEvents pred=Events_3_FindEvents name_ok=True args_ok=True (1275ms)
[base_permuted] live_multiple_997-228-0 n_cand=3 bucket=primitive gold=usage_api.UsageApi.get_hosts_per_day pred=usage_api.UsageApi.get_hosts_per_day name_ok=True args_ok=True (954ms)
[base_permuted] live_multiple_405-140-1 n_cand=3 bucket=primitive gold=RideSharing_2_GetRide pred=RideSharing_2_GetRide name_ok=True args_ok=False (1041ms)
[base_permuted] live_multiple_21-4-13 n_cand=5 bucket=primitive gold=cookbook.search_recipe pred=cookbook.search_recipe name_ok=True args_ok=True (1483ms)
[base_permuted] live_multiple_107-43-5 n_cand=10 bucket=primitive gold=list_files pred=list_files name_ok=True args_ok=True (1364ms)
[base_permuted] live_multiple_215-91-9 n_cand=7 bucket=primitive gold=experiences_and_education pred=experiences_and_education name_ok=True args_ok=False (1505ms)
[base_permuted] live_multiple_538-152-0 n_cand=4 bucket=primitive gold=Homes_2_FindHomeByArea pred=Homes_2_FindHomeByArea name_ok=True args_ok=True (1693ms)
[base_permuted] live_multiple_451-145-2 n_cand=5 bucket=primitive gold=Flights_4_SearchRoundtripFlights pred=Flights_4_SearchRoundtripFlights name_ok=True args_ok=False (1781ms)
[base_permuted] live_multiple_743-168-5 n_cand=5 bucket=primitive gold=Payment_1_MakePayment pred=Payment_1_MakePayment name_ok=True args_ok=False (1528ms)
[base_permuted] live_multiple_860-181-1 n_cand=2 bucket=primitive gold=Trains_1_FindTrains pred=Trains_1_FindTrains name_ok=True args_ok=True (1305ms)
[base_permuted] live_multiple_1042-269-0 n_cand=5 bucket=primitive gold=Weather_1_GetWeather pred=Weather_1_GetWeather name_ok=True args_ok=True (1388ms)
[base_permuted] live_multiple_754-169-9 n_cand=5 bucket=primitive gold=Media_3_FindMovies pred=Media_3_FindMovies name_ok=True args_ok=True (1274ms)
[base_permuted] live_multiple_671-162-13 n_cand=8 bucket=primitive gold=Events_3_FindEvents pred=Events_3_FindEvents name_ok=True args_ok=True (1763ms)
[base_permuted] live_multiple_10-4-2 n_cand=5 bucket=primitive gold=ControlAppliance.execute pred=ControlAppliance.execute name_ok=True args_ok=True (1516ms)
[base_permuted] live_multiple_366-134-11 n_cand=3 bucket=primitive gold=Movies_3_FindMovies pred=Movies_3_FindMovies name_ok=True args_ok=True (1031ms)
[base_permuted] live_multiple_935-192-0 n_cand=2 bucket=primitive gold=set_countdown pred=set_countdown name_ok=True args_ok=True (884ms)
[base_permuted] live_multiple_242-107-3 n_cand=6 bucket=freetext gold=tts_tool pred=tts_tool name_ok=True args_ok=False (4444ms)
[base_permuted] live_multiple_887-184-4 n_cand=5 bucket=primitive gold=Buses_3_FindBus pred=Buses_3_FindBus name_ok=True args_ok=True (1677ms)
[base_permuted] live_multiple_666-162-8 n_cand=8 bucket=primitive gold=Events_3_FindEvents pred=Events_3_FindEvents name_ok=True args_ok=False (3732ms)
[base_permuted] live_multiple_767-171-0 n_cand=4 bucket=primitive gold=Services_1_FindProvider pred=Services_1_FindProvider name_ok=True args_ok=True (1526ms)
[base_permuted] live_multiple_757-169-12 n_cand=5 bucket=primitive gold=Media_3_FindMovies pred=Media_3_FindMovies name_ok=True args_ok=True (1254ms)
[base_permuted] live_multiple_592-157-13 n_cand=3 bucket=primitive gold=Media_3_FindMovies pred=Media_3_FindMovies name_ok=True args_ok=True (1261ms)
[base_permuted] live_multiple_395-138-3 n_cand=2 bucket=primitive gold=Services_1_FindProvider pred=Services_1_FindProvider name_ok=True args_ok=True (1213ms)
[base_permuted] live_multiple_606-158-12 n_cand=2 bucket=primitive gold=Hotels_4_SearchHotel pred=Hotels_4_SearchHotel name_ok=True args_ok=True (1307ms)
[base_permuted] live_multiple_300-130-9 n_cand=2 bucket=primitive gold=Hotels_2_SearchHouse pred=Hotels_2_SearchHouse name_ok=True args_ok=True (1300ms)
[base_permuted] live_multiple_820-177-3 n_cand=4 bucket=primitive gold=Events_3_FindEvents pred=Events_3_FindEvents name_ok=True args_ok=True (1156ms)
[base_permuted] live_multiple_783-173-5 n_cand=3 bucket=primitive gold=Services_4_FindProvider pred=Services_4_FindProvider name_ok=True args_ok=True (1324ms)
[base_permuted] live_multiple_216-92-0 n_cand=2 bucket=primitive gold=find_flights pred=None name_ok=False args_ok=False (2970ms)
[base_permuted] live_multiple_256-120-0 n_cand=3 bucket=freetext gold=vex_api.VexApi.export_project_as_cyclone_dx1 pred=vex_api.VexApi.export_project_as_cyclone_dx1 name_ok=True args_ok=True (1608ms)
[base_permuted] live_multiple_218-94-0 n_cand=3 bucket=primitive gold=get_sensor_readings_history_by_interval pred=get_sensor_readings_history name_ok=False args_ok=False (3677ms)
[base_permuted] live_multiple_819-177-2 n_cand=4 bucket=primitive gold=Events_3_FindEvents pred=Events_3_FindEvents name_ok=True args_ok=True (1148ms)
[base_permuted] live_multiple_1002-232-1 n_cand=3 bucket=primitive gold=api_token_api.APITokenApi.get_api_tokens pred=api_token_api.APITokenApi.get_api_tokens name_ok=True args_ok=True (937ms)
[base_permuted] live_multiple_430-141-19 n_cand=3 bucket=primitive gold=Movies_1_BuyMovieTickets pred=Movies_1_BuyMovieTickets name_ok=True args_ok=True (1405ms)
[base_permuted] live_multiple_442-144-2 n_cand=6 bucket=primitive gold=Services_4_FindProvider pred=Services_4_FindProvider name_ok=True args_ok=True (1324ms)
[base_permuted] live_multiple_227-101-0 n_cand=5 bucket=freetext gold=project_api.ProjectApi.get_children_projects_by_tag pred=project_api.ProjectApi.get_children_projects_by_tag name_ok=True args_ok=True (1383ms)
[base_permuted] live_multiple_1049-276-0 n_cand=7 bucket=primitive gold=Trains_1_FindTrains pred=Trains_1_FindTrains name_ok=True args_ok=True (2570ms)
[base_permuted] live_multiple_763-170-1 n_cand=2 bucket=primitive gold=Buses_3_FindBus pred=Buses_3_FindBus name_ok=True args_ok=False (1646ms)
[base_permuted] live_multiple_790-174-4 n_cand=2 bucket=primitive gold=Homes_2_FindHomeByArea pred=Homes_2_FindHomeByArea name_ok=True args_ok=True (1268ms)
[base_permuted] live_multiple_963-206-0 n_cand=2 bucket=primitive gold=GET_PARCEL_STATE pred=None name_ok=False args_ok=False (3615ms)
[base_permuted] live_multiple_114-44-1 n_cand=9 bucket=primitive gold=add_postgres_server pred=add_postgres_server name_ok=True args_ok=True (1652ms)
[base_permuted] live_multiple_796-175-2 n_cand=5 bucket=primitive gold=Weather_1_GetWeather pred=Weather_1_GetWeather name_ok=True args_ok=True (1298ms)
[base_permuted] live_multiple_97-42-1 n_cand=9 bucket=primitive gold=connect_to_server pred=connect_to_server name_ok=True args_ok=True (1355ms)
[base_permuted] live_multiple_177-74-0 n_cand=2 bucket=primitive gold=get_trip pred=get_trip name_ok=True args_ok=True (863ms)
[base_permuted] live_multiple_812-176-3 n_cand=2 bucket=primitive gold=Alarm_1_AddAlarm pred=Alarm_1_AddAlarm name_ok=True args_ok=True (890ms)
[base_permuted] live_multiple_0-0-0 n_cand=2 bucket=primitive gold=ChaDri.change_drink pred=ChaDri.change_drink name_ok=True args_ok=False (1631ms)
[base_permuted] live_multiple_747-169-2 n_cand=5 bucket=primitive gold=Media_3_FindMovies pred=Media_3_FindMovies name_ok=True args_ok=True (1253ms)
[base_permuted] live_multiple_761-169-16 n_cand=5 bucket=primitive gold=Media_3_FindMovies pred=Media_3_FindMovies name_ok=True args_ok=True (1573ms)
[base_permuted] live_multiple_318-132-8 n_cand=3 bucket=primitive gold=Movies_3_FindMovies pred=Movies_3_FindMovies name_ok=True args_ok=True (2080ms)
[base_permuted] live_multiple_905-186-2 n_cand=4 bucket=primitive gold=Trains_1_GetTrainTickets pred=Trains_1_GetTrainTickets name_ok=True args_ok=False (1858ms)
[base_permuted] live_multiple_944-196-2 n_cand=2 bucket=primitive gold=set_volume pred=set_volume name_ok=True args_ok=True (878ms)
[base_permuted] live_multiple_835-178-10 n_cand=3 bucket=primitive gold=Music_3_LookupMusic pred=Music_3_LookupMusic name_ok=True args_ok=False (1392ms)
[base_permuted] live_multiple_725-166-0 n_cand=3 bucket=primitive gold=Services_1_FindProvider pred=Services_1_FindProvider name_ok=True args_ok=True (1249ms)
[base_permuted] live_multiple_921-191-9 n_cand=2 bucket=primitive gold=get_service_providers pred=get_service_providers name_ok=True args_ok=False (2123ms)
[base_permuted] live_multiple_750-169-5 n_cand=5 bucket=primitive gold=Media_3_FindMovies pred=Media_3_FindMovies name_ok=True args_ok=False (1610ms)
[base_permuted] live_multiple_816-176-7 n_cand=2 bucket=primitive gold=Alarm_1_AddAlarm pred=Alarm_1_AddAlarm name_ok=True args_ok=True (892ms)
[base_permuted] live_multiple_527-151-3 n_cand=2 bucket=primitive gold=Events_3_FindEvents pred=Events_3_FindEvents name_ok=True args_ok=True (1252ms)
[base_permuted] live_multiple_111-43-9 n_cand=10 bucket=primitive gold=dartfx_help pred=dartfx_help name_ok=True args_ok=True (1389ms)
[base_permuted] live_multiple_619-159-12 n_cand=4 bucket=primitive gold=Events_3_FindEvents pred=Events_3_FindEvents name_ok=True args_ok=True (1416ms)
[base_permuted] live_multiple_1045-272-0 n_cand=3 bucket=primitive gold=Services_4_FindProvider pred=Services_4_FindProvider name_ok=True args_ok=True (1346ms)
[base_permuted] live_multiple_708-164-24 n_cand=3 bucket=primitive gold=Movies_3_FindMovies pred=Movies_3_FindMovies name_ok=True args_ok=True (1021ms)
[base_permuted] live_multiple_289-129-4 n_cand=3 bucket=primitive gold=Services_4_FindProvider pred=Services_4_FindProvider name_ok=True args_ok=True (1015ms)
[base_permuted] live_multiple_324-132-14 n_cand=3 bucket=primitive gold=Movies_3_FindMovies pred=Movies_3_FindMovies name_ok=True args_ok=True (1145ms)
[base_permuted] live_multiple_805-175-11 n_cand=5 bucket=primitive gold=Weather_1_GetWeather pred=Weather_1_GetWeather name_ok=True args_ok=True (1295ms)
[base_permuted] live_multiple_407-140-3 n_cand=3 bucket=freetext gold=RideSharing_2_GetRide pred=RideSharing_2_GetRide name_ok=True args_ok=True (1370ms)
[base_permuted] live_multiple_34-11-0 n_cand=2 bucket=primitive gold=get_news_report pred=get_news_report name_ok=True args_ok=True (1176ms)
[base_permuted] live_multiple_534-151-10 n_cand=2 bucket=primitive gold=Events_3_FindEvents pred=Events_3_FindEvents name_ok=True args_ok=True (1251ms)
[base_permuted] live_multiple_505-149-2 n_cand=4 bucket=primitive gold=Flights_4_SearchOnewayFlight pred=Flights_4_SearchOnewayFlight name_ok=True args_ok=False (1679ms)
[base_permuted] live_multiple_228-102-0 n_cand=5 bucket=primitive gold=analysis_api.AnalysisApi.retrieve_analysis pred=analysis_api.AnalysisApi.retrieve_analysis name_ok=True args_ok=True (1328ms)
[base_permuted] live_multiple_117-45-2 n_cand=5 bucket=atomic gold=version_api.VersionApi.get_version pred=version_api.VersionApi.get_version name_ok=True args_ok=True (1001ms)
[base_permuted] live_multiple_689-164-5 n_cand=3 bucket=primitive gold=Movies_3_FindMovies pred=Movies_3_FindMovies name_ok=True args_ok=True (1031ms)
[base_permuted] live_multiple_33-10-3 n_cand=6 bucket=primitive gold=multiply pred=None name_ok=False args_ok=False (4045ms)
[base_permuted] live_multiple_85-38-2 n_cand=5 bucket=primitive gold=add_mtnards_server pred=add_mtnards_server name_ok=True args_ok=True (1103ms)
[base_permuted] live_multiple_612-159-5 n_cand=4 bucket=primitive gold=Events_3_FindEvents pred=Events_3_FindEvents name_ok=True args_ok=True (1433ms)
[base_permuted] live_multiple_845-178-20 n_cand=3 bucket=primitive gold=Music_3_LookupMusic pred=Music_3_LookupMusic name_ok=True args_ok=True (1724ms)
[base_permuted] live_multiple_867-182-4 n_cand=5 bucket=primitive gold=Movies_1_FindMovies pred=Movies_1_FindMovies name_ok=True args_ok=True (1385ms)
[base_permuted] live_multiple_610-159-3 n_cand=4 bucket=primitive gold=Events_3_FindEvents pred=Events_3_FindEvents name_ok=True args_ok=False (1435ms)
[base_permuted] live_multiple_475-146-0 n_cand=2 bucket=primitive gold=Music_3_LookupMusic pred=Music_3_LookupMusic name_ok=True args_ok=True (1314ms)
[base_permuted] live_multiple_444-144-4 n_cand=6 bucket=primitive gold=Services_4_FindProvider pred=Services_4_FindProvider name_ok=True args_ok=True (1625ms)
[base_permuted] live_multiple_136-52-0 n_cand=2 bucket=primitive gold=weather.get_weather pred=weather.get_weather name_ok=True args_ok=True (1164ms)
[base_permuted] live_multiple_68-29-0 n_cand=2 bucket=primitive gold=add_postgres_server pred=add_postgres_server name_ok=True args_ok=True (1217ms)
[base_permuted] live_multiple_1005-234-0 n_cand=3 bucket=primitive gold=host_agent_api.HostAgentApi.get_agent_snapshot pred=host_agent_api.HostAgentApi.get_agent_snapshot name_ok=True args_ok=True (1553ms)
[base_permuted] live_multiple_995-226-0 n_cand=3 bucket=primitive gold=events_api.EventsApi.kubernetes_info_events pred=events_api.EventsApi.kubernetes_info_events name_ok=True args_ok=True (1473ms)
[base_permuted] live_multiple_1024-253-0 n_cand=3 bucket=primitive gold=find_infra_alert_config_versions pred=None name_ok=False args_ok=False (3389ms)
[base_permuted] live_multiple_252-116-0 n_cand=3 bucket=atomic gold=version_api.VersionApi.get_version pred=version_api.VersionApi.get_version name_ok=True args_ok=True (900ms)
[base_permuted] live_multiple_946-196-4 n_cand=2 bucket=freetext gold=play_song pred=play_song name_ok=True args_ok=True (1215ms)
[base_permuted] live_multiple_507-149-4 n_cand=4 bucket=primitive gold=Flights_4_SearchOnewayFlight pred=Flights_4_SearchOnewayFlight name_ok=True args_ok=False (1689ms)
[base_permuted] live_multiple_654-161-22 n_cand=6 bucket=primitive gold=Music_3_LookupMusic pred=Music_3_LookupMusic name_ok=True args_ok=True (1228ms)
[base_permuted] live_multiple_531-151-7 n_cand=2 bucket=primitive gold=Events_3_FindEvents pred=Events_3_FindEvents name_ok=True args_ok=True (920ms)
[base_permuted] live_multiple_90-40-0 n_cand=5 bucket=primitive gold=add_mtnards_server pred=add_mtnards_server name_ok=True args_ok=True (1105ms)
[base_permuted] live_multiple_849-179-3 n_cand=2 bucket=primitive gold=Restaurants_2_FindRestaurants pred=Restaurants_2_FindRestaurants name_ok=True args_ok=True (1053ms)
[base_permuted] live_multiple_690-164-6 n_cand=3 bucket=primitive gold=Movies_3_FindMovies pred=Movies_3_FindMovies name_ok=True args_ok=True (1036ms)
[base_permuted] live_multiple_779-173-1 n_cand=3 bucket=primitive gold=Services_4_FindProvider pred=Services_4_FindProvider name_ok=True args_ok=True (961ms)
[base_permuted] live_multiple_73-33-0 n_cand=3 bucket=primitive gold=add_postgres_server pred=add_postgres_server name_ok=True args_ok=True (1286ms)
[base_permuted] live_multiple_92-40-2 n_cand=5 bucket=primitive gold=list_servers pred=list_servers name_ok=True args_ok=True (1053ms)
[base_permuted] live_multiple_1022-251-0 n_cand=3 bucket=primitive gold=get_hosts_per_month pred=get_hosts_per_month name_ok=True args_ok=True (945ms)
[base_permuted] live_multiple_939-194-1 n_cand=4 bucket=primitive gold=set_alarm pred=set_alarm name_ok=True args_ok=True (1697ms)
[base_permuted] live_multiple_13-4-5 n_cand=5 bucket=primitive gold=OpenWeatherMap.get_current_weather pred=OpenWeatherMap.get_current_weather name_ok=True args_ok=True (1527ms)
[base_permuted] live_multiple_396-139-0 n_cand=3 bucket=primitive gold=Events_3_FindEvents pred=Events_3_FindEvents name_ok=True args_ok=True (1030ms)
[base_permuted] live_multiple_415-141-4 n_cand=3 bucket=primitive gold=Movies_1_BuyMovieTickets pred=Movies_1_BuyMovieTickets name_ok=True args_ok=True (1428ms)
[base_permuted] live_multiple_808-175-14 n_cand=5 bucket=primitive gold=Weather_1_GetWeather pred=Weather_1_GetWeather name_ok=True args_ok=True (1943ms)
[base_permuted] live_multiple_837-178-12 n_cand=3 bucket=primitive gold=Music_3_PlayMedia pred=Music_3_PlayMedia name_ok=True args_ok=True (1393ms)
[base_permuted] live_multiple_954-202-0 n_cand=2 bucket=primitive gold=flight.status.check pred=flight.status.check name_ok=True args_ok=True (919ms)
[base_permuted] live_multiple_339-133-3 n_cand=4 bucket=primitive gold=Music_3_LookupMusic pred=Music_3_LookupMusic name_ok=True args_ok=True (2394ms)
[base_permuted] live_multiple_414-141-3 n_cand=3 bucket=primitive gold=Movies_1_FindMovies pred=Movies_1_FindMovies name_ok=True args_ok=True (1086ms)
[base_permuted] live_multiple_922-191-10 n_cand=2 bucket=primitive gold=get_service_providers pred=None name_ok=False args_ok=False (2176ms)
[base_permuted] live_multiple_435-142-1 n_cand=6 bucket=primitive gold=RentalCars_3_GetCarsAvailable pred=RentalCars_3_GetCarsAvailable name_ok=True args_ok=True (1976ms)
[base_permuted] live_multiple_267-127-2 n_cand=5 bucket=primitive gold=Weather_1_GetWeather pred=Weather_1_GetWeather name_ok=True args_ok=True (1687ms)
[base_permuted] live_multiple_661-162-3 n_cand=8 bucket=primitive gold=Events_3_FindEvents pred=Events_3_FindEvents name_ok=True args_ok=True (2058ms)
[base_permuted] live_multiple_990-221-0 n_cand=3 bucket=primitive gold=releases_api.ReleasesApi.delete_release pred=releases_api.ReleasesApi.delete_release name_ok=True args_ok=True (880ms)
[base_permuted] live_multiple_557-154-3 n_cand=4 bucket=primitive gold=RentalCars_3_GetCarsAvailable pred=RentalCars_3_GetCarsAvailable name_ok=True args_ok=True (1469ms)
[base_permuted] live_multiple_479-146-4 n_cand=2 bucket=primitive gold=Music_3_LookupMusic pred=Music_3_LookupMusic name_ok=True args_ok=True (986ms)
[base_permuted] live_multiple_154-58-8 n_cand=4 bucket=primitive gold=get_sensor_alerts pred=get_sensor_alerts name_ok=True args_ok=False (2264ms)
[base_permuted] live_multiple_643-161-11 n_cand=6 bucket=primitive gold=Music_3_LookupMusic pred=Music_3_LookupMusic name_ok=True args_ok=True (1212ms)
[base_permuted] live_multiple_121-46-0 n_cand=3 bucket=primitive gold=get_headway pred=get_headway name_ok=True args_ok=False (1827ms)
[base_permuted] live_multiple_822-177-5 n_cand=4 bucket=primitive gold=Events_3_FindEvents pred=Events_3_FindEvents name_ok=True args_ok=True (1137ms)
[base_permuted] live_multiple_657-161-25 n_cand=6 bucket=primitive gold=Music_3_PlayMedia pred=Music_3_PlayMedia name_ok=True args_ok=True (1519ms)
[base_permuted] live_multiple_195-87-2 n_cand=3 bucket=primitive gold=getCurrentTime pred=getCurrentTime name_ok=True args_ok=True (1178ms)
[base_permuted] live_multiple_250-114-0 n_cand=3 bucket=atomic gold=version_api.VersionApi.get_version pred=version_api.VersionApi.get_version name_ok=True args_ok=True (899ms)
[base_permuted] live_multiple_627-160-7 n_cand=2 bucket=primitive gold=Payment_1_MakePayment pred=Payment_1_MakePayment name_ok=True args_ok=False (924ms)
[base_permuted] live_multiple_196-88-0 n_cand=2 bucket=primitive gold=get_tickets pred=get_tickets name_ok=True args_ok=True (1140ms)
[base_permuted] live_multiple_1004-233-0 n_cand=3 bucket=primitive gold=audit_log_api.AuditLogApi.get_access_logs pred=None name_ok=False args_ok=False (978ms)
[base_permuted] live_multiple_425-141-14 n_cand=3 bucket=primitive gold=Movies_1_BuyMovieTickets pred=Movies_1_GetTimesForMovie name_ok=False args_ok=False (1754ms)
[base_permuted] live_multiple_125-47-1 n_cand=6 bucket=primitive gold=multiply pred=None name_ok=False args_ok=False (4029ms)
[base_permuted] live_multiple_659-162-1 n_cand=8 bucket=primitive gold=Events_3_FindEvents pred=Events_3_FindEvents name_ok=True args_ok=True (2079ms)
[base_permuted] live_multiple_597-158-3 n_cand=2 bucket=primitive gold=Hotels_4_SearchHotel pred=Hotels_4_SearchHotel name_ok=True args_ok=True (991ms)
[base_permuted] live_multiple_1041-268-0 n_cand=3 bucket=primitive gold=get_sensor_readings_history_by_interval pred=get_sensor_readings_history name_ok=False args_ok=False (2086ms)
[base_permuted] live_multiple_488-147-3 n_cand=7 bucket=primitive gold=Trains_1_FindTrains pred=Trains_1_FindTrains name_ok=True args_ok=False (1926ms)
[base_permuted] live_multiple_573-155-13 n_cand=6 bucket=primitive gold=Events_3_FindEvents pred=Events_3_FindEvents name_ok=True args_ok=True (1337ms)
[base_permuted] live_multiple_369-134-14 n_cand=3 bucket=primitive gold=Movies_3_FindMovies pred=Movies_3_FindMovies name_ok=True args_ok=True (1362ms)
[base_permuted] live_multiple_1043-270-0 n_cand=5 bucket=primitive gold=Weather_1_GetWeather pred=Weather_1_GetWeather name_ok=True args_ok=True (1706ms)
[base_permuted] live_multiple_401-139-5 n_cand=3 bucket=primitive gold=Events_3_FindEvents pred=Events_3_FindEvents name_ok=True args_ok=True (1041ms)
[base_permuted] live_multiple_208-91-2 n_cand=7 bucket=primitive gold=list_projects pred=list_projects name_ok=True args_ok=True (1496ms)
[base_permuted] live_multiple_934-191-22 n_cand=2 bucket=primitive gold=get_service_providers pred=get_service_providers name_ok=True args_ok=False (1810ms)
[base_permuted] live_multiple_12-4-4 n_cand=5 bucket=primitive gold=HNA_WQA.search pred=None name_ok=False args_ok=False (6414ms)
[base_permuted] live_multiple_496-148-6 n_cand=4 bucket=primitive gold=Events_3_FindEvents pred=Events_3_FindEvents name_ok=True args_ok=True (1070ms)
[base_permuted] live_multiple_987-218-0 n_cand=5 bucket=atomic gold=version_api.VersionApi.get_version pred=version_api.VersionApi.get_version name_ok=True args_ok=True (1003ms)
[base_permuted] live_multiple_566-155-6 n_cand=6 bucket=primitive gold=Events_3_FindEvents pred=Events_3_FindEvents name_ok=True args_ok=True (1679ms)
[base_permuted] live_multiple_759-169-14 n_cand=5 bucket=primitive gold=Media_3_FindMovies pred=Media_3_FindMovies name_ok=True args_ok=True (1262ms)
[base_permuted] live_multiple_647-161-15 n_cand=6 bucket=primitive gold=Music_3_LookupMusic pred=Music_3_LookupMusic name_ok=True args_ok=True (1859ms)
[base_permuted] live_multiple_969-210-1 n_cand=2 bucket=freetext gold=uber.eat.order pred=uber.eat.order name_ok=True args_ok=False (1586ms)
[base_permuted] live_multiple_1020-249-0 n_cand=3 bucket=primitive gold=delete_apdex_configuration pred=get_all_apdex_configurations name_ok=False args_ok=False (1217ms)
[base_permuted] live_multiple_609-159-2 n_cand=4 bucket=primitive gold=Events_3_FindEvents pred=Events_3_FindEvents name_ok=True args_ok=True (1122ms)
[base_permuted] live_multiple_119-45-4 n_cand=5 bucket=atomic gold=version_api.VersionApi.get_version pred=version_api.VersionApi.get_version name_ok=True args_ok=True (1017ms)
[base_permuted] live_multiple_17-4-9 n_cand=5 bucket=primitive gold=cookbook.search_recipe pred=cookbook.search_recipe name_ok=True args_ok=True (1508ms)
[base_permuted] live_multiple_984-215-8 n_cand=2 bucket=primitive gold=get_service_providers pred=view_service_provider_profile name_ok=False args_ok=False (1167ms)
[base_permuted] live_multiple_863-182-0 n_cand=5 bucket=primitive gold=Movies_1_FindMovies pred=Movies_1_FindMovies name_ok=True args_ok=True (1683ms)
[base_permuted] live_multiple_464-145-15 n_cand=5 bucket=primitive gold=Travel_1_FindAttractions pred=Travel_1_FindAttractions name_ok=True args_ok=False (1759ms)
[base_permuted] live_multiple_83-38-0 n_cand=5 bucket=primitive gold=list_servers pred=list_servers name_ok=True args_ok=True (1049ms)
[base_permuted] live_multiple_896-185-6 n_cand=4 bucket=primitive gold=Payment_1_MakePayment pred=Payment_1_MakePayment name_ok=True args_ok=False (1464ms)
[base_permuted] live_multiple_146-58-0 n_cand=4 bucket=primitive gold=get_sensor_readings_latest pred=get_sensor_readings_latest name_ok=True args_ok=False (2620ms)
[base_permuted] live_multiple_930-191-18 n_cand=2 bucket=primitive gold=get_service_providers pred=get_service_providers name_ok=True args_ok=True (1117ms)
[base_permuted] live_multiple_933-191-21 n_cand=2 bucket=primitive gold=get_service_providers pred=get_service_providers name_ok=True args_ok=True (1825ms)
[base_permuted] live_multiple_695-164-11 n_cand=3 bucket=primitive gold=Movies_3_FindMovies pred=Movies_3_FindMovies name_ok=True args_ok=True (1351ms)
[base_permuted] live_multiple_254-118-0 n_cand=3 bucket=primitive gold=BadgeApi.get_project_policy_violations_badge1 pred=BadgeApi.get_project_policy_violations_badge1 name_ok=True args_ok=True (882ms)
[base_permuted] live_multiple_296-130-5 n_cand=2 bucket=primitive gold=Hotels_2_SearchHouse pred=Hotels_2_SearchHouse name_ok=True args_ok=False (1289ms)
[base_permuted] live_multiple_353-133-17 n_cand=4 bucket=primitive gold=Music_3_LookupMusic pred=Music_3_LookupMusic name_ok=True args_ok=True (1405ms)
[base_permuted] live_multiple_663-162-5 n_cand=8 bucket=primitive gold=Events_3_FindEvents pred=Events_3_FindEvents name_ok=True args_ok=True (2102ms)
[base_permuted] live_multiple_201-90-3 n_cand=7 bucket=primitive gold=adriel_contact pred=adriel_contact name_ok=True args_ok=True (1071ms)
[base_permuted] live_multiple_825-178-0 n_cand=3 bucket=primitive gold=Music_3_LookupMusic pred=Music_3_LookupMusic name_ok=True args_ok=True (1705ms)
[base_permuted] live_multiple_568-155-8 n_cand=6 bucket=primitive gold=Events_3_FindEvents pred=Events_3_FindEvents name_ok=True args_ok=False (2015ms)
[base_permuted] live_multiple_416-141-5 n_cand=3 bucket=primitive gold=Movies_1_FindMovies pred=Movies_1_FindMovies name_ok=True args_ok=True (1408ms)
[base_permuted] live_multiple_137-52-1 n_cand=2 bucket=primitive gold=stock_price.get pred=stock_price.get name_ok=True args_ok=True (858ms)
[base_permuted] live_multiple_865-182-2 n_cand=5 bucket=primitive gold=Movies_1_FindMovies pred=Movies_1_FindMovies name_ok=True args_ok=True (1388ms)
[base_permuted] live_multiple_172-71-1 n_cand=6 bucket=primitive gold=get_adriel_list_projects pred=get_adriel_list_projects name_ok=True args_ok=True (1187ms)
[base_permuted] live_multiple_439-143-0 n_cand=5 bucket=primitive gold=Trains_1_FindTrains pred=Trains_1_FindTrains name_ok=True args_ok=True (1578ms)
[base_permuted] live_multiple_258-122-0 n_cand=3 bucket=primitive gold=project_api.ProjectApi.get_project_by_name_and_version pred=project_api.ProjectApi.get_project_by_name_and_version name_ok=True args_ok=True (921ms)
[base_permuted] live_multiple_702-164-18 n_cand=3 bucket=primitive gold=Movies_3_FindMovies pred=Movies_3_FindMovies name_ok=True args_ok=True (1046ms)
[base_permuted] live_multiple_229-103-0 n_cand=3 bucket=primitive gold=get_contact_information pred=get_contact_information name_ok=True args_ok=True (906ms)
[base_permuted] live_multiple_312-132-2 n_cand=3 bucket=primitive gold=Movies_3_FindMovies pred=Movies_3_FindMovies name_ok=True args_ok=True (1471ms)
[base_permuted] live_multiple_233-105-0 n_cand=3 bucket=primitive gold=get_contact_information pred=get_contact_information name_ok=True args_ok=True (883ms)
[base_permuted] live_multiple_918-191-6 n_cand=2 bucket=primitive gold=get_service_providers pred=get_service_providers name_ok=True args_ok=True (1812ms)
[base_permuted] live_multiple_714-165-1 n_cand=3 bucket=primitive gold=Hotels_2_SearchHouse pred=Hotels_2_SearchHouse name_ok=True args_ok=True (1099ms)
[base_permuted] live_multiple_775-172-0 n_cand=2 bucket=primitive gold=RentalCars_3_GetCarsAvailable pred=RentalCars_3_GetCarsAvailable name_ok=True args_ok=True (1315ms)
[base_permuted] live_multiple_881-183-6 n_cand=6 bucket=primitive gold=Travel_1_FindAttractions pred=Travel_1_FindAttractions name_ok=True args_ok=True (1712ms)
[base_permuted] live_multiple_432-141-21 n_cand=3 bucket=freetext gold=Movies_1_BuyMovieTickets pred=Movies_1_BuyMovieTickets name_ok=True args_ok=True (1414ms)
[base_permuted] live_multiple_79-36-0 n_cand=4 bucket=primitive gold=dartfx_help pred=None name_ok=False args_ok=False (3349ms)
[base_permuted] live_multiple_127-49-0 n_cand=3 bucket=freetext gold=search_engine.query pred=search_engine.query name_ok=True args_ok=True (1401ms)
[base_permuted] live_multiple_693-164-9 n_cand=3 bucket=primitive gold=Movies_3_FindMovies pred=Movies_3_FindMovies name_ok=True args_ok=True (1033ms)
[base_permuted] live_multiple_440-144-0 n_cand=6 bucket=primitive gold=Services_4_FindProvider pred=Services_4_FindProvider name_ok=True args_ok=True (1328ms)
[base_permuted] live_multiple_716-165-3 n_cand=3 bucket=primitive gold=Hotels_2_SearchHouse pred=Hotels_2_SearchHouse name_ok=True args_ok=True (1098ms)
[base_permuted] live_multiple_162-63-1 n_cand=4 bucket=primitive gold=get_detail_adriel_project pred=get_detail_adriel_project name_ok=True args_ok=True (1022ms)
[base_permuted] live_multiple_853-180-1 n_cand=4 bucket=primitive gold=Buses_3_BuyBusTicket pred=Buses_3_BuyBusTicket name_ok=True args_ok=False (1551ms)
[base_permuted] live_multiple_624-160-4 n_cand=2 bucket=primitive gold=Payment_1_RequestPayment pred=Payment_1_RequestPayment name_ok=True args_ok=False (1223ms)
[base_permuted] live_multiple_976-215-0 n_cand=2 bucket=primitive gold=get_service_providers pred=get_service_providers name_ok=True args_ok=False (1526ms)
[base_permuted] live_multiple_292-130-1 n_cand=2 bucket=primitive gold=Hotels_2_SearchHouse pred=Hotels_2_SearchHouse name_ok=True args_ok=True (1294ms)
[base_permuted] live_multiple_740-168-2 n_cand=5 bucket=primitive gold=Payment_1_MakePayment pred=Payment_1_MakePayment name_ok=True args_ok=False (2166ms)
[base_permuted] live_multiple_9-4-1 n_cand=5 bucket=primitive gold=HNA_WQA.search pred=None name_ok=False args_ok=False (6183ms)
[base_permuted] live_multiple_706-164-22 n_cand=3 bucket=primitive gold=Movies_3_FindMovies pred=Movies_3_FindMovies name_ok=True args_ok=True (1027ms)
[base_permuted] live_multiple_795-175-1 n_cand=5 bucket=primitive gold=Weather_1_GetWeather pred=Weather_1_GetWeather name_ok=True args_ok=True (1304ms)
[base_permuted] live_multiple_170-70-0 n_cand=5 bucket=freetext gold=get_adriel_detail_experience_and_education pred=get_adriel_detail_experience_and_education name_ok=True args_ok=True (1722ms)
[base_permuted] live_multiple_696-164-12 n_cand=3 bucket=primitive gold=Movies_3_FindMovies pred=Movies_3_FindMovies name_ok=True args_ok=True (1029ms)
[base_permuted] live_multiple_781-173-3 n_cand=3 bucket=primitive gold=Services_4_FindProvider pred=Services_4_FindProvider name_ok=True args_ok=True (1295ms)
[base_permuted] live_multiple_632-161-0 n_cand=6 bucket=primitive gold=Music_3_LookupMusic pred=Music_3_LookupMusic name_ok=True args_ok=True (1904ms)
[base_permuted] live_multiple_332-132-22 n_cand=3 bucket=primitive gold=Movies_3_FindMovies pred=Movies_3_FindMovies name_ok=True args_ok=True (1149ms)
[base_permuted] live_multiple_436-142-2 n_cand=6 bucket=primitive gold=RentalCars_3_GetCarsAvailable pred=RentalCars_3_GetCarsAvailable name_ok=True args_ok=True (2311ms)
[base_permuted] live_multiple_804-175-10 n_cand=5 bucket=primitive gold=Weather_1_GetWeather pred=Weather_1_GetWeather name_ok=True args_ok=True (1304ms)
[base_permuted] live_multiple_57-22-4 n_cand=4 bucket=primitive gold=get_product_details pred=None name_ok=False args_ok=False (5672ms)
[base_permuted] live_multiple_949-199-0 n_cand=2 bucket=primitive gold=play_song pred=play_song name_ok=True args_ok=True (926ms)
[base_permuted] live_multiple_102-43-0 n_cand=10 bucket=primitive gold=list_files pred=list_files name_ok=True args_ok=True (1342ms)
[base_permuted] live_multiple_325-132-15 n_cand=3 bucket=primitive gold=Movies_3_FindMovies pred=Movies_3_FindMovies name_ok=True args_ok=True (1456ms)
[base_permuted] live_multiple_161-63-0 n_cand=4 bucket=primitive gold=get_detail_adriel_project pred=get_detail_adriel_project name_ok=True args_ok=True (1035ms)
[base_permuted] live_multiple_901-185-11 n_cand=4 bucket=primitive gold=Payment_1_MakePayment pred=Payment_1_MakePayment name_ok=True args_ok=False (1482ms)
[base_permuted] live_multiple_272-127-7 n_cand=5 bucket=primitive gold=Weather_1_GetWeather pred=Weather_1_GetWeather name_ok=True args_ok=True (1349ms)
[base_permuted] live_multiple_1011-240-0 n_cand=3 bucket=primitive gold=get_synthetic_credential_names pred=get_synthetic_credential_names name_ok=True args_ok=True (893ms)
[base_permuted] live_multiple_968-210-0 n_cand=2 bucket=freetext gold=uber.ride pred=uber.ride name_ok=True args_ok=True (1242ms)
[base_permuted] live_multiple_996-227-0 n_cand=3 bucket=primitive gold=add_service_config pred=add_service_config name_ok=True args_ok=False (1272ms)
[base_permuted] live_multiple_176-73-0 n_cand=9 bucket=primitive gold=recall_memory_search pred=recall_memory_search name_ok=True args_ok=True (2978ms)
[base_permuted] live_multiple_554-154-0 n_cand=4 bucket=primitive gold=RentalCars_3_GetCarsAvailable pred=RentalCars_3_GetCarsAvailable name_ok=True args_ok=False (1811ms)
[base_permuted] live_multiple_594-158-0 n_cand=2 bucket=primitive gold=Hotels_4_SearchHotel pred=Hotels_4_SearchHotel name_ok=True args_ok=True (1284ms)
[base_permuted] live_multiple_644-161-12 n_cand=6 bucket=primitive gold=Music_3_LookupMusic pred=Music_3_LookupMusic name_ok=True args_ok=True (1207ms)
[base_permuted] live_multiple_989-220-0 n_cand=3 bucket=primitive gold=get_websites pred=get_websites name_ok=True args_ok=True (853ms)
[base_permuted] live_multiple_87-38-4 n_cand=5 bucket=primitive gold=list_servers pred=list_servers name_ok=True args_ok=False (1041ms)
[base_permuted] live_multiple_476-146-1 n_cand=2 bucket=primitive gold=Music_3_LookupMusic pred=Music_3_LookupMusic name_ok=True args_ok=True (990ms)
[base_permuted] live_multiple_913-191-1 n_cand=2 bucket=primitive gold=get_service_providers pred=get_service_providers name_ok=True args_ok=True (2138ms)
[base_permuted] live_multiple_539-152-1 n_cand=4 bucket=primitive gold=Homes_2_FindHomeByArea pred=Homes_2_FindHomeByArea name_ok=True args_ok=True (1379ms)
[base_permuted] live_multiple_454-145-5 n_cand=5 bucket=primitive gold=Travel_1_FindAttractions pred=Travel_1_FindAttractions name_ok=True args_ok=False (1775ms)
[base_permuted] live_multiple_329-132-19 n_cand=3 bucket=primitive gold=Movies_3_FindMovies pred=Movies_3_FindMovies name_ok=True args_ok=True (1473ms)
[base_permuted] live_multiple_478-146-3 n_cand=2 bucket=primitive gold=Music_3_LookupMusic pred=Music_3_LookupMusic name_ok=True args_ok=True (1308ms)
[base_permuted] live_multiple_1031-259-0 n_cand=3 bucket=primitive gold=get_custom_dashboard pred=get_custom_dashboard name_ok=True args_ok=True (1197ms)
[base_permuted] live_multiple_193-87-0 n_cand=3 bucket=primitive gold=CalcProduct pred=CalcProduct name_ok=True args_ok=True (868ms)
[base_permuted] live_multiple_417-141-6 n_cand=3 bucket=primitive gold=Movies_1_FindMovies pred=Movies_1_FindMovies name_ok=True args_ok=True (1080ms)
[base_permuted] live_multiple_697-164-13 n_cand=3 bucket=primitive gold=Movies_3_FindMovies pred=Movies_3_FindMovies name_ok=True args_ok=True (1335ms)
[base_permuted] live_multiple_536-151-12 n_cand=2 bucket=primitive gold=Events_3_FindEvents pred=Events_3_FindEvents name_ok=True args_ok=True (943ms)
[base_permuted] live_multiple_634-161-2 n_cand=6 bucket=primitive gold=Music_3_LookupMusic pred=Music_3_LookupMusic name_ok=True args_ok=True (1848ms)
[base_permuted] live_multiple_403-139-7 n_cand=3 bucket=primitive gold=Events_3_FindEvents pred=Events_3_FindEvents name_ok=True args_ok=False (1329ms)
[base_permuted] live_multiple_345-133-9 n_cand=4 bucket=primitive gold=Music_3_LookupMusic pred=Music_3_LookupMusic name_ok=True args_ok=True (1390ms)
[base_permuted] live_multiple_648-161-16 n_cand=6 bucket=primitive gold=Music_3_LookupMusic pred=Music_3_LookupMusic name_ok=True args_ok=True (1206ms)
[base_permuted] live_multiple_800-175-6 n_cand=5 bucket=primitive gold=Weather_1_GetWeather pred=Weather_1_GetWeather name_ok=True args_ok=True (1324ms)
[base_permuted] live_multiple_264-126-1 n_cand=2 bucket=primitive gold=EventQuery pred=EventQuery name_ok=True args_ok=False (1223ms)
[base_permuted] live_multiple_916-191-4 n_cand=2 bucket=primitive gold=get_service_providers pred=get_service_providers name_ok=True args_ok=True (1465ms)
[base_permuted] live_multiple_99-42-3 n_cand=9 bucket=primitive gold=connect_to_server pred=connect_to_server name_ok=True args_ok=True (1342ms)
[base_permuted] live_multiple_501-148-11 n_cand=4 bucket=primitive gold=Events_3_FindEvents pred=Events_3_FindEvents name_ok=True args_ok=True (1100ms)
[base_permuted] live_multiple_482-146-7 n_cand=2 bucket=primitive gold=Music_3_LookupMusic pred=Music_3_LookupMusic name_ok=True args_ok=True (1292ms)
[base_permuted] live_multiple_108-43-6 n_cand=10 bucket=primitive gold=list_servers pred=list_servers name_ok=True args_ok=True (1354ms)
[base_permuted] live_multiple_130-50-2 n_cand=5 bucket=freetext gold=english_llm pred=english_llm name_ok=True args_ok=False (1840ms)
[base_permuted] live_multiple_413-141-2 n_cand=3 bucket=primitive gold=Movies_1_BuyMovieTickets pred=Movies_1_BuyMovieTickets name_ok=True args_ok=True (1421ms)
[base_permuted] live_multiple_543-152-5 n_cand=4 bucket=primitive gold=Homes_2_FindHomeByArea pred=Homes_2_FindHomeByArea name_ok=True args_ok=True (1708ms)
[base_permuted] live_multiple_925-191-13 n_cand=2 bucket=primitive gold=view_service_provider_profile pred=view_service_provider_profile name_ok=True args_ok=True (1117ms)
[base_permuted] live_multiple_383-137-1 n_cand=5 bucket=primitive gold=Services_1_FindProvider pred=Services_1_FindProvider name_ok=True args_ok=True (1071ms)
[base_permuted] live_multiple_457-145-8 n_cand=5 bucket=primitive gold=Travel_1_FindAttractions pred=Travel_1_FindAttractions name_ok=True args_ok=True (1758ms)
[base_permuted] live_multiple_528-151-4 n_cand=2 bucket=primitive gold=Events_3_FindEvents pred=Events_3_FindEvents name_ok=True args_ok=True (1256ms)
[base_permuted] live_multiple_773-171-6 n_cand=4 bucket=primitive gold=Services_1_FindProvider pred=Services_1_FindProvider name_ok=True args_ok=True (1200ms)
[base_permuted] live_multiple_1018-247-0 n_cand=3 bucket=primitive gold=website_configuration_api.get_websites pred=website_configuration_api.get_websites name_ok=True args_ok=True (896ms)
[base_permuted] live_multiple_630-160-10 n_cand=2 bucket=primitive gold=Payment_1_RequestPayment pred=Payment_1_RequestPayment name_ok=True args_ok=False (928ms)
[base_permuted] live_multiple_926-191-14 n_cand=2 bucket=primitive gold=get_service_providers pred=get_service_providers name_ok=True args_ok=True (1496ms)
[base_permuted] live_multiple_421-141-10 n_cand=3 bucket=primitive gold=Movies_1_FindMovies pred=None name_ok=False args_ok=False (3783ms)
[base_permuted] live_multiple_364-134-9 n_cand=3 bucket=primitive gold=Movies_3_FindMovies pred=Movies_3_FindMovies name_ok=True args_ok=True (1365ms)
[base_permuted] live_multiple_623-160-3 n_cand=2 bucket=primitive gold=Payment_1_RequestPayment pred=Payment_1_RequestPayment name_ok=True args_ok=False (916ms)
[base_permuted] live_multiple_587-157-8 n_cand=3 bucket=primitive gold=Media_3_FindMovies pred=Media_3_FindMovies name_ok=True args_ok=True (944ms)
[base_permuted] live_multiple_456-145-7 n_cand=5 bucket=primitive gold=Travel_1_FindAttractions pred=Travel_1_FindAttractions name_ok=True args_ok=True (1746ms)
[base_permuted] live_multiple_915-191-3 n_cand=2 bucket=primitive gold=get_service_providers pred=get_service_providers name_ok=True args_ok=False (1470ms)
[base_permuted] live_multiple_246-110-0 n_cand=3 bucket=atomic gold=version_api.VersionApi.get_version pred=version_api.VersionApi.get_version name_ok=True args_ok=True (819ms)
[base_permuted] live_multiple_652-161-20 n_cand=6 bucket=primitive gold=Music_3_PlayMedia pred=Music_3_PlayMedia name_ok=True args_ok=False (2177ms)
[base_permuted] live_multiple_558-154-4 n_cand=4 bucket=primitive gold=RentalCars_3_GetCarsAvailable pred=RentalCars_3_GetCarsAvailable name_ok=True args_ok=False (1804ms)
[base_permuted] live_multiple_3-2-0 n_cand=2 bucket=primitive gold=api.weather pred=api.weather name_ok=True args_ok=True (874ms)
[base_permuted] live_multiple_760-169-15 n_cand=5 bucket=primitive gold=Media_3_FindMovies pred=Media_3_FindMovies name_ok=True args_ok=True (1252ms)
[base_permuted] live_multiple_469-145-20 n_cand=5 bucket=primitive gold=Travel_1_FindAttractions pred=Travel_1_FindAttractions name_ok=True args_ok=True (1761ms)
[base_permuted] live_multiple_180-76-0 n_cand=10 bucket=primitive gold=order_processing.handle_order pred=order_processing.handle_order name_ok=True args_ok=False (2738ms)
[base_permuted] live_multiple_281-128-4 n_cand=3 bucket=primitive gold=Restaurants_2_FindRestaurants pred=Restaurants_2_FindRestaurants name_ok=True args_ok=True (1421ms)
[base_permuted] live_multiple_373-134-18 n_cand=3 bucket=primitive gold=Movies_3_FindMovies pred=Movies_3_FindMovies name_ok=True args_ok=True (1052ms)
[base_permuted] live_multiple_301-131-0 n_cand=5 bucket=primitive gold=Hotels_4_SearchHotel pred=Hotels_4_SearchHotel name_ok=True args_ok=True (1769ms)
[base_permuted] live_multiple_331-132-21 n_cand=3 bucket=primitive gold=Movies_3_FindMovies pred=Movies_3_FindMovies name_ok=True args_ok=True (1128ms)
[base_permuted] live_multiple_188-82-1 n_cand=2 bucket=primitive gold=holdings.get_13F_HR pred=holdings.get_13F_HR name_ok=True args_ok=True (1196ms)
[base_permuted] live_multiple_815-176-6 n_cand=2 bucket=primitive gold=Alarm_1_AddAlarm pred=Alarm_1_AddAlarm name_ok=True args_ok=True (892ms)
[base_permuted] live_multiple_765-170-3 n_cand=2 bucket=primitive gold=Buses_3_FindBus pred=Buses_3_FindBus name_ok=True args_ok=True (1335ms)
[base_permuted] live_multiple_586-157-7 n_cand=3 bucket=primitive gold=Media_3_FindMovies pred=Media_3_FindMovies name_ok=True args_ok=True (949ms)
[base_permuted] live_multiple_727-166-2 n_cand=3 bucket=primitive gold=Services_1_BookAppointment pred=Services_1_BookAppointment name_ok=True args_ok=False (1274ms)
[base_permuted] live_multiple_225-99-0 n_cand=5 bucket=atomic gold=version_api.VersionApi.get_version pred=version_api.VersionApi.get_version name_ok=True args_ok=True (923ms)
[base_permuted] live_multiple_36-12-0 n_cand=2 bucket=primitive gold=todo_add pred=todo_add name_ok=True args_ok=True (829ms)
[base_permuted] live_multiple_559-154-5 n_cand=4 bucket=primitive gold=RentalCars_3_GetCarsAvailable pred=RentalCars_3_GetCarsAvailable name_ok=True args_ok=True (1788ms)
[base_permuted] live_multiple_123-46-2 n_cand=3 bucket=primitive gold=get_time_to_collision pred=get_time_to_collision name_ok=True args_ok=False (1510ms)
[base_permuted] live_multiple_1015-244-0 n_cand=3 bucket=primitive gold=audit_log_api.AuditLogApi.get_access_logs pred=audit_log_api.AuditLogApi.get_access_logs name_ok=True args_ok=True (917ms)
[base_permuted] live_multiple_736-167-7 n_cand=4 bucket=primitive gold=Homes_2_FindHomeByArea pred=Homes_2_FindHomeByArea name_ok=True args_ok=True (1448ms)
[base_permuted] live_multiple_738-168-0 n_cand=5 bucket=primitive gold=Payment_1_MakePayment pred=Payment_1_MakePayment name_ok=True args_ok=True (1526ms)
[base_permuted] live_multiple_8-4-0 n_cand=5 bucket=primitive gold=cookbook.search_recipe pred=cookbook.search_recipe name_ok=True args_ok=True (1526ms)
[base_permuted] live_multiple_294-130-3 n_cand=2 bucket=primitive gold=Hotels_2_SearchHouse pred=Hotels_2_SearchHouse name_ok=True args_ok=False (1642ms)
[base_permuted] live_multiple_1051-278-0 n_cand=2 bucket=primitive gold=set_alarm pred=set_alarm name_ok=True args_ok=False (1303ms)
[base_permuted] live_multiple_378-135-2 n_cand=2 bucket=primitive gold=Services_4_FindProvider pred=Services_4_FindProvider name_ok=True args_ok=True (896ms)
[base_permuted] live_multiple_419-141-8 n_cand=3 bucket=primitive gold=Movies_1_FindMovies pred=Movies_1_FindMovies name_ok=True args_ok=False (1096ms)
[base_permuted] live_multiple_1017-246-0 n_cand=3 bucket=primitive gold=events_api.EventsApi.get_event pred=events_api.EventsApi.get_event name_ok=True args_ok=True (808ms)
[base_permuted] live_multiple_297-130-6 n_cand=2 bucket=primitive gold=Hotels_2_SearchHouse pred=Hotels_2_SearchHouse name_ok=True args_ok=True (1291ms)
[base_permuted] live_multiple_625-160-5 n_cand=2 bucket=primitive gold=Payment_1_MakePayment pred=Payment_1_MakePayment name_ok=True args_ok=False (1228ms)
[base_permuted] live_multiple_372-134-17 n_cand=3 bucket=primitive gold=Movies_3_FindMovies pred=Movies_3_FindMovies name_ok=True args_ok=True (1345ms)
[base_permuted] live_multiple_751-169-6 n_cand=5 bucket=primitive gold=Media_3_FindMovies pred=Media_3_FindMovies name_ok=True args_ok=True (1272ms)
[base_permuted] live_multiple_50-20-0 n_cand=2 bucket=primitive gold=get_movies pred=None name_ok=False args_ok=False (2808ms)
[base_permuted] live_multiple_262-125-1 n_cand=5 bucket=primitive gold=rotateImageAction pred=rotateImageAction name_ok=True args_ok=True (1135ms)
[base_permuted] live_multiple_135-51-1 n_cand=2 bucket=primitive gold=weather.get pred=weather.get name_ok=True args_ok=True (898ms)
[base_permuted] live_multiple_515-150-3 n_cand=5 bucket=freetext gold=Movies_1_FindMovies pred=Movies_1_FindMovies name_ok=True args_ok=True (1654ms)
[base_permuted] live_multiple_979-215-3 n_cand=2 bucket=primitive gold=get_service_providers pred=get_service_providers name_ok=True args_ok=True (2166ms)
[base_permuted] live_multiple_562-155-2 n_cand=6 bucket=primitive gold=Events_3_FindEvents pred=Events_3_FindEvents name_ok=True args_ok=True (1323ms)
[base_permuted] live_multiple_1046-273-0 n_cand=2 bucket=primitive gold=Hotels_2_SearchHouse pred=Hotels_2_SearchHouse name_ok=True args_ok=True (1268ms)
[base_permuted] live_multiple_219-94-1 n_cand=3 bucket=primitive gold=get_sensor_readings_history pred=get_sensor_readings_history name_ok=True args_ok=False (2086ms)
[base_permuted] live_multiple_774-171-7 n_cand=4 bucket=primitive gold=Services_1_FindProvider pred=Services_1_FindProvider name_ok=True args_ok=True (1193ms)
[base_permuted] live_multiple_76-35-0 n_cand=4 bucket=primitive gold=dartfx_help pred=None name_ok=False args_ok=False (2408ms)
[base_permuted] live_multiple_859-181-0 n_cand=2 bucket=primitive gold=Trains_1_GetTrainTickets pred=Trains_1_GetTrainTickets name_ok=True args_ok=True (1692ms)
[base_permuted] live_multiple_426-141-15 n_cand=3 bucket=primitive gold=Movies_1_FindMovies pred=Movies_1_FindMovies name_ok=True args_ok=True (1418ms)
[base_permuted] live_multiple_830-178-5 n_cand=3 bucket=primitive gold=Music_3_LookupMusic pred=Music_3_LookupMusic name_ok=True args_ok=True (1368ms)
[base_permuted] live_multiple_766-170-4 n_cand=2 bucket=primitive gold=Buses_3_FindBus pred=Buses_3_FindBus name_ok=True args_ok=True (1301ms)
[base_permuted] live_multiple_367-134-12 n_cand=3 bucket=primitive gold=Movies_3_FindMovies pred=Movies_3_FindMovies name_ok=True args_ok=True (1053ms)
[base_permuted] live_multiple_637-161-5 n_cand=6 bucket=primitive gold=Music_3_PlayMedia pred=Music_3_LookupMusic name_ok=False args_ok=False (1531ms)
[base_permuted] live_multiple_249-113-0 n_cand=3 bucket=atomic gold=version_api.VersionApi.get_version pred=version_api.VersionApi.get_version name_ok=True args_ok=True (855ms)
[base_permuted] live_multiple_691-164-7 n_cand=3 bucket=primitive gold=Movies_3_FindMovies pred=Movies_3_FindMovies name_ok=True args_ok=True (1033ms)
[base_permuted] live_multiple_826-178-1 n_cand=3 bucket=primitive gold=Music_3_LookupMusic pred=Music_3_LookupMusic name_ok=True args_ok=True (2018ms)
[base_permuted] live_multiple_350-133-14 n_cand=4 bucket=primitive gold=Music_3_LookupMusic pred=Music_3_LookupMusic name_ok=True args_ok=True (1359ms)
[base_permuted] live_multiple_875-183-0 n_cand=6 bucket=primitive gold=Travel_1_FindAttractions pred=Travel_1_FindAttractions name_ok=True args_ok=True (1392ms)
[base_permuted] live_multiple_733-167-4 n_cand=4 bucket=primitive gold=Homes_2_FindHomeByArea pred=Homes_2_FindHomeByArea name_ok=True args_ok=True (1456ms)
[base_permuted] live_multiple_82-37-0 n_cand=4 bucket=primitive gold=add_postgres_server pred=None name_ok=False args_ok=False (2683ms)
[base_permuted] live_multiple_460-145-11 n_cand=5 bucket=primitive gold=Travel_1_FindAttractions pred=Travel_1_FindAttractions name_ok=True args_ok=True (1756ms)
[base_permuted] live_multiple_30-10-0 n_cand=6 bucket=freetext gold=duck_duck_go.search pred=None name_ok=False args_ok=False (1613ms)
[base_permuted] live_multiple_788-174-2 n_cand=2 bucket=primitive gold=Homes_2_ScheduleVisit pred=Homes_2_ScheduleVisit name_ok=True args_ok=True (956ms)
[base_permuted] live_multiple_506-149-3 n_cand=4 bucket=primitive gold=Flights_4_SearchOnewayFlight pred=Flights_4_SearchOnewayFlight name_ok=True args_ok=True (1671ms)
[base_permuted] live_multiple_715-165-2 n_cand=3 bucket=primitive gold=Hotels_2_SearchHouse pred=Hotels_2_SearchHouse name_ok=True args_ok=True (1425ms)
[base_permuted] live_multiple_390-137-8 n_cand=5 bucket=primitive gold=Services_1_FindProvider pred=Services_1_FindProvider name_ok=True args_ok=True (1376ms)
[base_permuted] live_multiple_535-151-11 n_cand=2 bucket=primitive gold=Events_3_FindEvents pred=Events_3_FindEvents name_ok=True args_ok=True (932ms)
[base_permuted] live_multiple_762-170-0 n_cand=2 bucket=primitive gold=Buses_3_FindBus pred=Buses_3_FindBus name_ok=True args_ok=True (1297ms)
[base_permuted] live_multiple_203-90-5 n_cand=7 bucket=primitive gold=detail_adriel_project pred=detail_adriel_project name_ok=True args_ok=True (1102ms)
[base_permuted] live_multiple_640-161-8 n_cand=6 bucket=primitive gold=Music_3_LookupMusic pred=Music_3_LookupMusic name_ok=True args_ok=True (1543ms)
[base_permuted] live_multiple_235-106-1 n_cand=4 bucket=primitive gold=set_integer pred=set_float name_ok=False args_ok=False (1242ms)
[base_permuted] live_multiple_323-132-13 n_cand=3 bucket=primitive gold=Movies_3_FindMovies pred=Movies_3_FindMovies name_ok=True args_ok=True (1451ms)
[base_permuted] live_multiple_897-185-7 n_cand=4 bucket=primitive gold=Payment_1_MakePayment pred=Payment_1_MakePayment name_ok=True args_ok=False (1164ms)
[base_permuted] live_multiple_628-160-8 n_cand=2 bucket=primitive gold=Payment_1_RequestPayment pred=Payment_1_RequestPayment name_ok=True args_ok=False (906ms)
[base_permuted] live_multiple_620-160-0 n_cand=2 bucket=primitive gold=Payment_1_RequestPayment pred=Payment_1_RequestPayment name_ok=True args_ok=False (920ms)
[base_permuted] live_multiple_810-176-1 n_cand=2 bucket=primitive gold=Alarm_1_GetAlarms pred=Alarm_1_GetAlarms name_ok=True args_ok=True (882ms)
[base_permuted] live_multiple_420-141-9 n_cand=3 bucket=primitive gold=Movies_1_BuyMovieTickets pred=Movies_1_BuyMovieTickets name_ok=True args_ok=True (1423ms)
[base_permuted] live_multiple_379-136-0 n_cand=7 bucket=primitive gold=Alarm_1_GetAlarms pred=Alarm_1_GetAlarms name_ok=True args_ok=True (1413ms)
[base_permuted] live_multiple_694-164-10 n_cand=3 bucket=primitive gold=Movies_3_FindMovies pred=Movies_3_FindMovies name_ok=True args_ok=True (1361ms)
[base_permuted] live_multiple_709-164-25 n_cand=3 bucket=primitive gold=Movies_3_FindMovies pred=Movies_3_FindMovies name_ok=True args_ok=True (1355ms)
[base_permuted] live_multiple_970-211-0 n_cand=2 bucket=primitive gold=fmp.income_statement pred=fmp.income_statement name_ok=True args_ok=True (1559ms)
[base_permuted] live_multiple_1009-238-0 n_cand=3 bucket=freetext gold=get_website_geo_mapping_rules pred=get_website_geo_mapping_rules name_ok=True args_ok=True (1193ms)
[base_permuted] live_multiple_615-159-8 n_cand=4 bucket=primitive gold=Events_3_FindEvents pred=Events_3_FindEvents name_ok=True args_ok=True (1421ms)
[base_permuted] live_multiple_626-160-6 n_cand=2 bucket=primitive gold=Payment_1_RequestPayment pred=Payment_1_RequestPayment name_ok=True args_ok=False (929ms)
[base_permuted] live_multiple_852-180-0 n_cand=4 bucket=primitive gold=Buses_3_FindBus pred=Buses_3_FindBus name_ok=True args_ok=True (1520ms)
[base_permuted] live_multiple_581-157-2 n_cand=3 bucket=primitive gold=Media_3_FindMovies pred=Media_3_FindMovies name_ok=True args_ok=True (956ms)
[base_permuted] live_multiple_577-156-3 n_cand=5 bucket=primitive gold=Services_1_FindProvider pred=Services_1_FindProvider name_ok=True args_ok=True (1224ms)
[base_permuted] live_multiple_1029-257-0 n_cand=3 bucket=primitive gold=InfrastructureResourcesApi.software_versions pred=InfrastructureResourcesApi.software_versions name_ok=True args_ok=True (1286ms)
[base_permuted] live_multiple_336-133-0 n_cand=4 bucket=primitive gold=Music_3_PlayMedia pred=Music_3_PlayMedia name_ok=True args_ok=True (1352ms)
[base_permuted] live_multiple_404-140-0 n_cand=3 bucket=freetext gold=RideSharing_2_GetRide pred=RideSharing_2_GetRide name_ok=True args_ok=True (1365ms)
[base_permuted] live_multiple_519-150-7 n_cand=5 bucket=primitive gold=Movies_1_FindMovies pred=Movies_1_FindMovies name_ok=True args_ok=True (1329ms)
[base_permuted] live_multiple_888-184-5 n_cand=5 bucket=primitive gold=Buses_3_FindBus pred=Buses_3_FindBus name_ok=True args_ok=True (1681ms)
[base_permuted] live_multiple_168-68-0 n_cand=5 bucket=primitive gold=get_adriel_profile pred=get_adriel_profile name_ok=True args_ok=True (1078ms)
[base_permuted] live_multiple_251-115-0 n_cand=3 bucket=atomic gold=version_api.VersionApi.get_version pred=version_api.VersionApi.get_version name_ok=True args_ok=True (854ms)
[base_permuted] live_multiple_546-152-8 n_cand=4 bucket=primitive gold=Homes_2_FindHomeByArea pred=Homes_2_FindHomeByArea name_ok=True args_ok=True (1385ms)
[base_permuted] live_multiple_149-58-3 n_cand=4 bucket=primitive gold=get_sensor_alerts pred=get_sensor_alerts name_ok=True args_ok=False (2257ms)
[base_permuted] live_multiple_69-30-0 n_cand=4 bucket=primitive gold=add_postgres_server pred=add_postgres_server name_ok=True args_ok=True (1642ms)
[base_permuted] live_multiple_636-161-4 n_cand=6 bucket=primitive gold=Music_3_LookupMusic pred=Music_3_LookupMusic name_ok=True args_ok=True (1540ms)
[base_permuted] live_multiple_639-161-7 n_cand=6 bucket=primitive gold=Music_3_LookupMusic pred=Music_3_LookupMusic name_ok=True args_ok=False (1853ms)
[base_permuted] live_multiple_900-185-10 n_cand=4 bucket=primitive gold=Payment_1_MakePayment pred=Payment_1_MakePayment name_ok=True args_ok=False (1167ms)
[base_permuted] live_multiple_752-169-7 n_cand=5 bucket=primitive gold=Media_3_FindMovies pred=Media_3_FindMovies name_ok=True args_ok=True (1246ms)
[base_permuted] live_multiple_850-179-4 n_cand=2 bucket=primitive gold=Restaurants_2_ReserveRestaurant pred=Restaurants_2_ReserveRestaurant name_ok=True args_ok=True (1374ms)
[base_permuted] live_multiple_769-171-2 n_cand=4 bucket=primitive gold=Services_1_FindProvider pred=Services_1_FindProvider name_ok=True args_ok=True (1509ms)
[base_permuted] live_multiple_166-66-0 n_cand=5 bucket=primitive gold=get_adriel_profile pred=get_adriel_profile name_ok=True args_ok=True (1078ms)
[base_permuted] live_multiple_237-106-3 n_cand=4 bucket=primitive gold=set_point pred=set_point name_ok=True args_ok=False (937ms)
[base_permuted] live_multiple_579-157-0 n_cand=3 bucket=primitive gold=Media_3_FindMovies pred=Media_3_FindMovies name_ok=True args_ok=True (1272ms)
[base_permuted] live_multiple_742-168-4 n_cand=5 bucket=primitive gold=Payment_1_MakePayment pred=Payment_1_MakePayment name_ok=True args_ok=False (1531ms)
[base_permuted] live_multiple_879-183-4 n_cand=6 bucket=primitive gold=Travel_1_FindAttractions pred=Travel_1_FindAttractions name_ok=True args_ok=True (1693ms)
[base_permuted] live_multiple_18-4-10 n_cand=5 bucket=primitive gold=HNA_NEWS.search pred=HNA_NEWS.search name_ok=True args_ok=True (1903ms)
[base_permuted] live_multiple_670-162-12 n_cand=8 bucket=primitive gold=Events_3_FindEvents pred=Events_3_FindEvents name_ok=True args_ok=True (1760ms)
[base_permuted] live_multiple_84-38-1 n_cand=5 bucket=primitive gold=add_postgres_server pred=add_postgres_server name_ok=True args_ok=True (1410ms)
[base_permuted] live_multiple_518-150-6 n_cand=5 bucket=primitive gold=Movies_1_FindMovies pred=Movies_1_FindMovies name_ok=True args_ok=True (1627ms)
[base_permuted] live_multiple_358-134-3 n_cand=3 bucket=primitive gold=Movies_3_FindMovies pred=Movies_3_FindMovies name_ok=True args_ok=False (2079ms)
[base_permuted] live_multiple_889-184-6 n_cand=5 bucket=primitive gold=Buses_3_FindBus pred=Buses_3_FindBus name_ok=True args_ok=True (1657ms)
[base_permuted] live_multiple_595-158-1 n_cand=2 bucket=primitive gold=Hotels_4_SearchHotel pred=Hotels_4_SearchHotel name_ok=True args_ok=True (1300ms)
[base_permuted] live_multiple_499-148-9 n_cand=4 bucket=primitive gold=Events_3_FindEvents pred=Events_3_FindEvents name_ok=True args_ok=True (1080ms)
[base_permuted] live_multiple_269-127-4 n_cand=5 bucket=primitive gold=Weather_1_GetWeather pred=Weather_1_GetWeather name_ok=True args_ok=False (1385ms)
[base_permuted] live_multiple_882-183-7 n_cand=6 bucket=primitive gold=Travel_1_FindAttractions pred=Travel_1_FindAttractions name_ok=True args_ok=True (1404ms)
[base_permuted] live_multiple_70-30-1 n_cand=4 bucket=primitive gold=dartfx_help pred=dartfx_help name_ok=True args_ok=True (1333ms)
[base_permuted] live_multiple_943-196-1 n_cand=2 bucket=primitive gold=play_song pred=play_song name_ok=True args_ok=True (856ms)
[base_permuted] live_multiple_446-144-6 n_cand=6 bucket=primitive gold=Services_4_FindProvider pred=Services_4_FindProvider name_ok=True args_ok=True (1332ms)
[base_permuted] live_multiple_1016-245-0 n_cand=3 bucket=primitive gold=create_global_application_alert_config pred=create_global_application_alert_config name_ok=True args_ok=False (1275ms)
[base_permuted] live_multiple_530-151-6 n_cand=2 bucket=primitive gold=Events_3_FindEvents pred=Events_3_FindEvents name_ok=True args_ok=True (935ms)
[base_permuted] live_multiple_322-132-12 n_cand=3 bucket=primitive gold=Movies_3_FindMovies pred=Movies_3_FindMovies name_ok=True args_ok=True (1126ms)
[base_permuted] live_multiple_906-186-3 n_cand=4 bucket=primitive gold=Trains_1_GetTrainTickets pred=Trains_1_GetTrainTickets name_ok=True args_ok=False (1839ms)
[base_permuted] live_multiple_684-164-0 n_cand=3 bucket=primitive gold=Movies_3_FindMovies pred=Movies_3_FindMovies name_ok=True args_ok=True (1349ms)
[base_permuted] live_multiple_214-91-8 n_cand=7 bucket=primitive gold=experiences_and_education pred=experiences_and_education name_ok=True args_ok=True (1495ms)
[base_permuted] live_multiple_45-18-0 n_cand=3 bucket=primitive gold=product_search pred=product_search name_ok=True args_ok=True (959ms)
[base_permuted] live_multiple_682-163-7 n_cand=3 bucket=primitive gold=Weather_1_GetWeather pred=Weather_1_GetWeather name_ok=True args_ok=True (1034ms)
[base_permuted] live_multiple_890-185-0 n_cand=4 bucket=primitive gold=Payment_1_RequestPayment pred=Payment_1_RequestPayment name_ok=True args_ok=False (1162ms)
[base_permuted] live_multiple_777-172-2 n_cand=2 bucket=primitive gold=RentalCars_3_GetCarsAvailable pred=RentalCars_3_GetCarsAvailable name_ok=True args_ok=True (1329ms)
[base_permuted] live_multiple_1033-261-0 n_cand=3 bucket=freetext gold=SyntheticSettingsApi.get_synthetic_locations pred=SyntheticSettingsApi.get_synthetic_locations name_ok=True args_ok=False (1240ms)
[base_permuted] live_multiple_1027-255-1 n_cand=3 bucket=primitive gold=CustomDashboardsApi.get_shareable_api_tokens pred=CustomDashboardsApi.get_shareable_api_tokens name_ok=True args_ok=True (951ms)
[base_permuted] live_multiple_382-137-0 n_cand=5 bucket=primitive gold=Services_1_FindProvider pred=Services_1_FindProvider name_ok=True args_ok=True (1391ms)
[base_permuted] live_multiple_878-183-3 n_cand=6 bucket=primitive gold=Travel_1_FindAttractions pred=Travel_1_FindAttractions name_ok=True args_ok=True (1719ms)
[base_permuted] live_multiple_253-117-0 n_cand=3 bucket=primitive gold=badge_api.BadgeApi.get_project_vulnerabilities_badge pred=badge_api.BadgeApi.get_project_vulnerabilities_badge name_ok=True args_ok=True (889ms)
[base_permuted] live_multiple_927-191-15 n_cand=2 bucket=primitive gold=get_service_providers pred=get_service_providers name_ok=True args_ok=False (3136ms)
[base_permuted] live_multiple_563-155-3 n_cand=6 bucket=primitive gold=Events_3_FindEvents pred=Events_3_FindEvents name_ok=True args_ok=True (1365ms)
[base_permuted] live_multiple_953-201-1 n_cand=2 bucket=primitive gold=flight.status.check pred=flight.status.check name_ok=True args_ok=True (934ms)
[base_permuted] live_multiple_605-158-11 n_cand=2 bucket=primitive gold=Hotels_4_SearchHotel pred=Hotels_4_SearchHotel name_ok=True args_ok=True (1010ms)
[base_permuted] live_multiple_541-152-3 n_cand=4 bucket=primitive gold=Homes_2_FindHomeByArea pred=Homes_2_FindHomeByArea name_ok=True args_ok=True (1386ms)
[base_permuted] live_multiple_86-38-3 n_cand=5 bucket=primitive gold=add_mtnards_server pred=add_mtnards_server name_ok=True args_ok=True (1408ms)
[base_permuted] live_multiple_275-127-10 n_cand=5 bucket=primitive gold=Weather_1_GetWeather pred=Weather_1_GetWeather name_ok=True args_ok=False (1689ms)
[base_permuted] live_multiple_471-145-22 n_cand=5 bucket=primitive gold=Flights_4_SearchRoundtripFlights pred=Flights_4_SearchRoundtripFlights name_ok=True args_ok=True (1748ms)
[base_permuted] live_multiple_330-132-20 n_cand=3 bucket=primitive gold=Movies_3_FindMovies pred=Movies_3_FindMovies name_ok=True args_ok=True (1450ms)
[base_permuted] live_multiple_344-133-8 n_cand=4 bucket=primitive gold=Music_3_LookupMusic pred=Music_3_LookupMusic name_ok=True args_ok=True (1705ms)
[base_permuted] live_multiple_524-151-0 n_cand=2 bucket=primitive gold=Events_3_FindEvents pred=Events_3_FindEvents name_ok=True args_ok=True (915ms)
[base_permuted] live_multiple_349-133-13 n_cand=4 bucket=primitive gold=Music_3_LookupMusic pred=Music_3_LookupMusic name_ok=True args_ok=True (1084ms)
[base_permuted] live_multiple_857-180-5 n_cand=4 bucket=primitive gold=Buses_3_FindBus pred=Buses_3_FindBus name_ok=True args_ok=True (1525ms)
[base_permuted] live_multiple_618-159-11 n_cand=4 bucket=primitive gold=Events_3_FindEvents pred=Events_3_FindEvents name_ok=True args_ok=True (1425ms)
[base_permuted] live_multiple_712-164-28 n_cand=3 bucket=primitive gold=Movies_3_FindMovies pred=Movies_3_FindMovies name_ok=True args_ok=True (1354ms)
[base_permuted] live_multiple_548-152-10 n_cand=4 bucket=primitive gold=Homes_2_FindHomeByArea pred=Homes_2_FindHomeByArea name_ok=True args_ok=True (1709ms)
[base_permuted] live_multiple_877-183-2 n_cand=6 bucket=primitive gold=Travel_1_FindAttractions pred=Travel_1_FindAttractions name_ok=True args_ok=True (1710ms)
[base_permuted] live_multiple_287-129-2 n_cand=3 bucket=primitive gold=Services_4_FindProvider pred=Services_4_FindProvider name_ok=True args_ok=True (1026ms)
[base_permuted] live_multiple_523-150-11 n_cand=5 bucket=freetext gold=Movies_1_FindMovies pred=Movies_1_FindMovies name_ok=True args_ok=True (1671ms)
[base_permuted] live_multiple_871-182-8 n_cand=5 bucket=primitive gold=Movies_1_FindMovies pred=Movies_1_FindMovies name_ok=True args_ok=True (2039ms)
[base_permuted] live_multiple_734-167-5 n_cand=4 bucket=primitive gold=Homes_2_FindHomeByArea pred=Homes_2_FindHomeByArea name_ok=True args_ok=True (1434ms)
[base_permuted] live_multiple_302-131-1 n_cand=5 bucket=primitive gold=Hotels_4_SearchHotel pred=Hotels_4_SearchHotel name_ok=True args_ok=True (1452ms)
[base_permuted] live_multiple_959-204-1 n_cand=3 bucket=primitive gold=partner.sips pred=client.mandates name_ok=False args_ok=False (1198ms)
[base_permuted] live_multiple_340-133-4 n_cand=4 bucket=primitive gold=Music_3_LookupMusic pred=Music_3_LookupMusic name_ok=True args_ok=True (1728ms)
[base_permuted] live_multiple_599-158-5 n_cand=2 bucket=primitive gold=Hotels_4_SearchHotel pred=Hotels_4_SearchHotel name_ok=True args_ok=True (1265ms)
[base_permuted] live_multiple_704-164-20 n_cand=3 bucket=primitive gold=Movies_3_FindMovies pred=Movies_3_FindMovies name_ok=True args_ok=True (1031ms)
[base_permuted] live_multiple_699-164-15 n_cand=3 bucket=primitive gold=Movies_3_FindMovies pred=Movies_3_FindMovies name_ok=True args_ok=True (1030ms)
[base_permuted] live_multiple_776-172-1 n_cand=2 bucket=primitive gold=RentalCars_3_GetCarsAvailable pred=RentalCars_3_GetCarsAvailable name_ok=True args_ok=False (1636ms)
[base_permuted] live_multiple_298-130-7 n_cand=2 bucket=primitive gold=Hotels_2_SearchHouse pred=Hotels_2_SearchHouse name_ok=True args_ok=True (1297ms)
[base_permuted] live_multiple_787-174-1 n_cand=2 bucket=primitive gold=Homes_2_FindHomeByArea pred=Homes_2_FindHomeByArea name_ok=True args_ok=True (1309ms)
[base_permuted] live_multiple_341-133-5 n_cand=4 bucket=primitive gold=Music_3_LookupMusic pred=Music_3_LookupMusic name_ok=True args_ok=False (1385ms)
[base_permuted] live_multiple_604-158-10 n_cand=2 bucket=primitive gold=Hotels_4_SearchHotel pred=Hotels_4_SearchHotel name_ok=True args_ok=True (980ms)
[base_permuted] live_multiple_143-55-1 n_cand=2 bucket=primitive gold=stock_price.get pred=stock_price.get name_ok=True args_ok=True (907ms)
[base_permuted] live_multiple_66-27-0 n_cand=2 bucket=primitive gold=add_postgres_server pred=add_postgres_server name_ok=True args_ok=False (1211ms)
[base_permuted] live_multiple_950-199-1 n_cand=2 bucket=primitive gold=set_alarm pred=set_alarm name_ok=True args_ok=True (1273ms)
[base_permuted] live_multiple_377-135-1 n_cand=2 bucket=primitive gold=Services_4_FindProvider pred=Services_4_FindProvider name_ok=True args_ok=True (898ms)
[base_permuted] live_multiple_985-216-0 n_cand=10 bucket=primitive gold=reminders_complete pred=reminders_complete name_ok=True args_ok=True (1640ms)
[base_permuted] live_multiple_106-43-4 n_cand=10 bucket=primitive gold=add_mtnards_server pred=add_mtnards_server name_ok=True args_ok=True (1716ms)
[base_permuted] live_multiple_678-163-3 n_cand=3 bucket=primitive gold=Weather_1_GetWeather pred=Weather_1_GetWeather name_ok=True args_ok=False (1991ms)
[base_permuted] live_multiple_1038-265-0 n_cand=7 bucket=primitive gold=detail_project pred=detail_project name_ok=True args_ok=False (1193ms)
[base_permuted] live_multiple_744-168-6 n_cand=5 bucket=primitive gold=Payment_1_MakePayment pred=Payment_1_MakePayment name_ok=True args_ok=False (1218ms)
[base_permuted] live_multiple_28-8-0 n_cand=3 bucket=primitive gold=my_core_function pred=None name_ok=False args_ok=False (1750ms)
[base_permuted] live_multiple_677-163-2 n_cand=3 bucket=primitive gold=Weather_1_GetWeather pred=Weather_1_GetWeather name_ok=True args_ok=True (1040ms)
[base_permuted] live_multiple_487-147-2 n_cand=7 bucket=primitive gold=Trains_1_GetTrainTickets pred=Trains_1_GetTrainTickets name_ok=True args_ok=False (1936ms)
[base_permuted] live_multiple_833-178-8 n_cand=3 bucket=primitive gold=Music_3_PlayMedia pred=Music_3_PlayMedia name_ok=True args_ok=True (1367ms)
[base_permuted] live_multiple_470-145-21 n_cand=5 bucket=primitive gold=Travel_1_FindAttractions pred=Travel_1_FindAttractions name_ok=True args_ok=True (1731ms)
[base_permuted] live_multiple_583-157-4 n_cand=3 bucket=primitive gold=Media_3_FindMovies pred=Media_3_FindMovies name_ok=True args_ok=True (949ms)
[base_permuted] live_multiple_938-194-0 n_cand=4 bucket=freetext gold=play_spotify_song pred=play_spotify_song name_ok=True args_ok=True (1361ms)
[base_permuted] live_multiple_173-71-2 n_cand=6 bucket=primitive gold=get_adriel_tech_stack pred=get_adriel_tech_stack name_ok=True args_ok=True (1546ms)
[base_permuted] live_multiple_212-91-6 n_cand=7 bucket=primitive gold=detail_project pred=detail_project name_ok=True args_ok=True (1189ms)
[base_permuted] live_multiple_983-215-7 n_cand=2 bucket=primitive gold=get_service_providers pred=get_service_providers name_ok=True args_ok=False (1536ms)
[base_permuted] live_multiple_616-159-9 n_cand=4 bucket=primitive gold=Events_3_FindEvents pred=Events_3_FindEvents name_ok=True args_ok=False (1431ms)
[base_permuted] live_multiple_672-162-14 n_cand=8 bucket=primitive gold=Events_3_FindEvents pred=Events_3_FindEvents name_ok=True args_ok=True (2080ms)
[base_permuted] live_multiple_380-136-1 n_cand=7 bucket=primitive gold=Alarm_1_GetAlarms pred=Alarm_1_GetAlarms name_ok=True args_ok=True (1438ms)
[base_permuted] live_multiple_607-159-0 n_cand=4 bucket=primitive gold=Events_3_FindEvents pred=Events_3_FindEvents name_ok=True args_ok=False (1425ms)
[base_permuted] live_multiple_290-129-5 n_cand=3 bucket=primitive gold=Services_4_FindProvider pred=Services_4_FindProvider name_ok=True args_ok=True (1028ms)
[base_permuted] live_multiple_909-188-0 n_cand=2 bucket=freetext gold=youtube.check_videos pred=youtube.check_videos name_ok=True args_ok=False (1193ms)
[base_permuted] live_multiple_491-148-1 n_cand=4 bucket=primitive gold=Events_3_FindEvents pred=Events_3_FindEvents name_ok=True args_ok=True (1056ms)
[base_permuted] live_multiple_645-161-13 n_cand=6 bucket=primitive gold=Music_3_LookupMusic pred=Music_3_LookupMusic name_ok=True args_ok=True (2188ms)
[base_permuted] live_multiple_412-141-1 n_cand=3 bucket=primitive gold=Movies_1_BuyMovieTickets pred=Movies_1_BuyMovieTickets name_ok=True args_ok=True (1418ms)
[base_permuted] live_multiple_931-191-19 n_cand=2 bucket=primitive gold=get_service_providers pred=get_service_providers name_ok=True args_ok=True (1468ms)
[base_permuted] live_multiple_828-178-3 n_cand=3 bucket=primitive gold=Music_3_LookupMusic pred=Music_3_LookupMusic name_ok=True args_ok=True (1376ms)
[base_permuted] live_multiple_701-164-17 n_cand=3 bucket=primitive gold=Movies_3_FindMovies pred=Movies_3_FindMovies name_ok=True args_ok=True (1031ms)
[base_permuted] live_multiple_441-144-1 n_cand=6 bucket=primitive gold=Services_4_FindProvider pred=Services_4_FindProvider name_ok=True args_ok=True (1330ms)
[base_permuted] live_multiple_307-131-6 n_cand=5 bucket=primitive gold=Hotels_4_SearchHotel pred=Hotels_4_SearchHotel name_ok=True args_ok=True (1778ms)
[base_permuted] live_multiple_895-185-5 n_cand=4 bucket=primitive gold=Payment_1_MakePayment pred=Payment_1_MakePayment name_ok=True args_ok=False (1488ms)
[base_permuted] live_multiple_493-148-3 n_cand=4 bucket=primitive gold=Events_3_FindEvents pred=Events_3_FindEvents name_ok=True args_ok=True (1087ms)
[base_permuted] live_multiple_75-34-1 n_cand=3 bucket=primitive gold=add_postgres_server pred=add_postgres_server name_ok=True args_ok=True (1635ms)
[base_permuted] live_multiple_2-1-0 n_cand=2 bucket=freetext gold=uber.ride pred=uber.ride name_ok=True args_ok=True (1240ms)
[base_permuted] live_multiple_317-132-7 n_cand=3 bucket=primitive gold=Movies_3_FindMovies pred=Movies_3_FindMovies name_ok=True args_ok=True (1449ms)
[base_permuted] live_multiple_391-137-9 n_cand=5 bucket=primitive gold=Services_1_FindProvider pred=Services_1_FindProvider name_ok=True args_ok=True (1377ms)
[base_permuted] live_multiple_841-178-16 n_cand=3 bucket=primitive gold=Music_3_LookupMusic pred=Music_3_LookupMusic name_ok=True args_ok=True (1040ms)
[base_permuted] live_multiple_504-149-1 n_cand=4 bucket=primitive gold=Flights_4_SearchOnewayFlight pred=Flights_4_SearchOnewayFlight name_ok=True args_ok=False (1693ms)
[base_permuted] live_multiple_240-107-1 n_cand=6 bucket=freetext gold=search_web_tool pred=search_web_tool name_ok=True args_ok=True (1475ms)
[base_permuted] live_multiple_453-145-4 n_cand=5 bucket=primitive gold=Travel_1_FindAttractions pred=Travel_1_FindAttractions name_ok=True args_ok=True (1759ms)
[base_permuted] live_multiple_1028-256-0 n_cand=3 bucket=primitive gold=host_agent_api.get_agent_snapshot pred=host_agent_api.HostAgentApi.get_agent_snapshot name_ok=False args_ok=False (1249ms)
[base_permuted] live_multiple_53-22-0 n_cand=4 bucket=primitive gold=inventory_management pred=None name_ok=False args_ok=False (4859ms)
[base_permuted] live_multiple_409-140-5 n_cand=3 bucket=freetext gold=RideSharing_2_GetRide pred=RideSharing_2_GetRide name_ok=True args_ok=True (1059ms)
[base_permuted] live_multiple_992-223-0 n_cand=3 bucket=primitive gold=delete_apdex_configuration pred=get_all_apdex_configurations name_ok=False args_ok=False (1258ms)
[base_permuted] live_multiple_735-167-6 n_cand=4 bucket=primitive gold=Homes_2_FindHomeByArea pred=Homes_2_FindHomeByArea name_ok=True args_ok=True (1431ms)
[base_permuted] live_multiple_1037-264-0 n_cand=5 bucket=primitive gold=calendar_event_create pred=None name_ok=False args_ok=False (3521ms)
[base_permuted] live_multiple_894-185-4 n_cand=4 bucket=primitive gold=Payment_1_MakePayment pred=Payment_1_MakePayment name_ok=True args_ok=False (1483ms)
[base_permuted] live_multiple_282-128-5 n_cand=3 bucket=primitive gold=Restaurants_2_FindRestaurants pred=Restaurants_2_FindRestaurants name_ok=True args_ok=True (1404ms)
[base_permuted] live_multiple_386-137-4 n_cand=5 bucket=primitive gold=Services_1_FindProvider pred=Services_1_FindProvider name_ok=True args_ok=True (1065ms)
[base_permuted] live_multiple_720-165-7 n_cand=3 bucket=primitive gold=Hotels_2_SearchHouse pred=Hotels_2_SearchHouse name_ok=True args_ok=True (1113ms)
[base_permuted] live_multiple_116-45-1 n_cand=5 bucket=primitive gold=acl_api.add_mapping pred=acl_api.add_mapping name_ok=True args_ok=True (1337ms)
[base_permuted] live_multiple_540-152-2 n_cand=4 bucket=primitive gold=Homes_2_FindHomeByArea pred=Homes_2_FindHomeByArea name_ok=True args_ok=True (1389ms)
[base_permuted] live_multiple_973-213-0 n_cand=2 bucket=primitive gold=get_service_providers pred=get_service_providers name_ok=True args_ok=False (1455ms)
[base_permuted] live_multiple_580-157-1 n_cand=3 bucket=primitive gold=Media_3_FindMovies pred=Media_3_FindMovies name_ok=True args_ok=True (1596ms)
[base_permuted] live_multiple_411-141-0 n_cand=3 bucket=primitive gold=Movies_1_FindMovies pred=Movies_1_FindMovies name_ok=True args_ok=True (1403ms)
[base_permuted] live_multiple_422-141-11 n_cand=3 bucket=primitive gold=Movies_1_FindMovies pred=Movies_1_FindMovies name_ok=True args_ok=True (1417ms)
[base_permuted] live_multiple_286-129-1 n_cand=3 bucket=primitive gold=Services_4_FindProvider pred=Services_4_FindProvider name_ok=True args_ok=True (1353ms)
[base_permuted] live_multiple_268-127-3 n_cand=5 bucket=primitive gold=Weather_1_GetWeather pred=Weather_1_GetWeather name_ok=True args_ok=True (1383ms)
[base_permuted] live_multiple_1012-241-0 n_cand=3 bucket=primitive gold=get_synthetic_locations pred=get_synthetic_locations name_ok=True args_ok=False (1291ms)
[base_permuted] live_multiple_95-41-2 n_cand=7 bucket=primitive gold=close_project pred=close_project name_ok=True args_ok=True (1441ms)
[base_permuted] live_multiple_547-152-9 n_cand=4 bucket=primitive gold=Homes_2_FindHomeByArea pred=Homes_2_FindHomeByArea name_ok=True args_ok=False (1733ms)
[base_permuted] live_multiple_155-58-9 n_cand=4 bucket=primitive gold=get_sensor_readings_latest pred=get_sensor_readings_latest name_ok=True args_ok=True (1616ms)
[base_permuted] live_multiple_593-157-14 n_cand=3 bucket=primitive gold=Media_3_FindMovies pred=Media_3_FindMovies name_ok=True args_ok=True (943ms)
[base_permuted] live_multiple_703-164-19 n_cand=3 bucket=primitive gold=Movies_3_FindMovies pred=Movies_3_FindMovies name_ok=True args_ok=True (1027ms)
[base_permuted] live_multiple_328-132-18 n_cand=3 bucket=primitive gold=Movies_3_FindMovies pred=Movies_3_FindMovies name_ok=True args_ok=True (1478ms)
[base_permuted] live_multiple_434-142-0 n_cand=6 bucket=primitive gold=RentalCars_3_GetCarsAvailable pred=RentalCars_3_GetCarsAvailable name_ok=True args_ok=True (2000ms)
[base_permuted] live_multiple_313-132-3 n_cand=3 bucket=primitive gold=Movies_3_FindMovies pred=Movies_3_FindMovies name_ok=True args_ok=True (1135ms)
[base_permuted] live_multiple_649-161-17 n_cand=6 bucket=primitive gold=Music_3_LookupMusic pred=Music_3_LookupMusic name_ok=True args_ok=True (1535ms)
[base_permuted] live_multiple_552-153-1 n_cand=4 bucket=primitive gold=Services_1_FindProvider pred=Services_1_FindProvider name_ok=True args_ok=True (1052ms)
[base_permuted] live_multiple_288-129-3 n_cand=3 bucket=primitive gold=Services_4_FindProvider pred=Services_4_FindProvider name_ok=True args_ok=True (1658ms)
[base_permuted] live_multiple_392-138-0 n_cand=2 bucket=primitive gold=Services_1_FindProvider pred=Services_1_FindProvider name_ok=True args_ok=True (923ms)
[base_permuted] live_multiple_832-178-7 n_cand=3 bucket=primitive gold=Music_3_LookupMusic pred=Music_3_LookupMusic name_ok=True args_ok=True (1058ms)
[base_permuted] live_multiple_213-91-7 n_cand=7 bucket=freetext gold=detail_experience_and_education pred=detail_experience_and_education name_ok=True args_ok=True (1534ms)
[base_permuted] live_multiple_334-132-24 n_cand=3 bucket=primitive gold=Movies_3_FindMovies pred=Movies_3_FindMovies name_ok=True args_ok=True (1138ms)
[base_permuted] live_multiple_756-169-11 n_cand=5 bucket=primitive gold=Media_3_FindMovies pred=Media_3_FindMovies name_ok=True args_ok=True (1574ms)
[base_permuted] live_multiple_402-139-6 n_cand=3 bucket=primitive gold=Events_3_FindEvents pred=Events_3_FindEvents name_ok=True args_ok=True (1035ms)
[base_permuted] live_multiple_445-144-5 n_cand=6 bucket=primitive gold=Services_4_FindProvider pred=Services_4_FindProvider name_ok=True args_ok=True (1614ms)
[base_permuted] live_multiple_975-214-1 n_cand=2 bucket=primitive gold=get_service_providers pred=get_service_providers name_ok=True args_ok=False (1861ms)
[base_permuted] live_multiple_224-98-0 n_cand=2 bucket=primitive gold=reschedule pred=reschedule name_ok=True args_ok=True (1251ms)
[base_permuted] live_multiple_151-58-5 n_cand=4 bucket=primitive gold=get_sensor_readings_latest pred=get_sensor_readings_latest name_ok=True args_ok=True (1642ms)
[base_permuted] live_multiple_885-184-2 n_cand=5 bucket=primitive gold=Buses_3_FindBus pred=Buses_3_FindBus name_ok=True args_ok=True (1658ms)
[base_permuted] live_multiple_778-173-0 n_cand=3 bucket=primitive gold=Services_4_FindProvider pred=Services_4_FindProvider name_ok=True args_ok=True (1259ms)
[base_permuted] live_multiple_886-184-3 n_cand=5 bucket=primitive gold=Buses_3_FindBus pred=None name_ok=False args_ok=False (2721ms)
[base_permuted] live_multiple_655-161-23 n_cand=6 bucket=primitive gold=Music_3_LookupMusic pred=Music_3_LookupMusic name_ok=True args_ok=True (1538ms)
[base_permuted] live_multiple_62-24-0 n_cand=2 bucket=primitive gold=todoIdx pred=todoIdx name_ok=True args_ok=True (872ms)
[base_permuted] live_multiple_692-164-8 n_cand=3 bucket=primitive gold=Movies_3_FindMovies pred=Movies_3_FindMovies name_ok=True args_ok=True (1352ms)
[base_permuted] live_multiple_686-164-2 n_cand=3 bucket=primitive gold=Movies_3_FindMovies pred=Movies_3_FindMovies name_ok=True args_ok=True (1350ms)
[base_permuted] live_multiple_1-0-1 n_cand=2 bucket=primitive gold=ChaDri.change_drink pred=None name_ok=False args_ok=False (2305ms)
[base_permuted] live_multiple_175-72-1 n_cand=6 bucket=primitive gold=get_adriel_list_projects pred=get_adriel_list_projects name_ok=True args_ok=True (1092ms)
[base_permuted] live_multiple_335-132-25 n_cand=3 bucket=primitive gold=Movies_3_FindMovies pred=Movies_3_FindMovies name_ok=True args_ok=True (1133ms)
[base_permuted] live_multiple_732-167-3 n_cand=4 bucket=primitive gold=Homes_2_FindHomeByArea pred=Homes_2_FindHomeByArea name_ok=True args_ok=True (1428ms)
[base_permuted] live_multiple_1048-275-0 n_cand=2 bucket=primitive gold=Hotels_2_SearchHouse pred=Hotels_2_SearchHouse name_ok=True args_ok=True (1277ms)
[base_permuted] live_multiple_561-155-1 n_cand=6 bucket=primitive gold=Events_3_FindEvents pred=Events_3_FindEvents name_ok=True args_ok=True (1678ms)
[base_permuted] live_multiple_148-58-2 n_cand=4 bucket=primitive gold=get_sensor_readings_latest pred=get_sensor_readings_latest name_ok=True args_ok=True (1633ms)
[base_permuted] live_multiple_169-69-0 n_cand=5 bucket=freetext gold=get_adriel_detail_experience_and_education pred=get_adriel_detail_experience_and_education name_ok=True args_ok=True (1781ms)
[base_permuted] live_multiple_641-161-9 n_cand=6 bucket=primitive gold=Music_3_LookupMusic pred=Music_3_LookupMusic name_ok=True args_ok=True (1532ms)
[base_permuted] live_multiple_49-19-0 n_cand=2 bucket=primitive gold=interviewer_review.get pred=None name_ok=False args_ok=False (1642ms)
[base_permuted] live_multiple_134-51-0 n_cand=2 bucket=primitive gold=stock_price.get pred=stock_price.get name_ok=True args_ok=True (899ms)
[base_permuted] live_multiple_142-55-0 n_cand=2 bucket=primitive gold=weather.get_weather_data pred=weather.get_weather_data name_ok=True args_ok=True (933ms)
[base_permuted] live_multiple_1001-232-0 n_cand=3 bucket=primitive gold=api_token_api.APITokenApi.get_api_tokens pred=api_token_api.APITokenApi.get_api_tokens name_ok=True args_ok=True (1229ms)
[base_permuted] live_multiple_485-147-0 n_cand=7 bucket=primitive gold=Trains_1_FindTrains pred=Trains_1_FindTrains name_ok=True args_ok=True (1917ms)
[base_permuted] live_multiple_564-155-4 n_cand=6 bucket=primitive gold=Events_3_FindEvents pred=Events_3_FindEvents name_ok=True args_ok=True (1330ms)
[base_permuted] live_multiple_793-174-7 n_cand=2 bucket=primitive gold=Homes_2_ScheduleVisit pred=Homes_2_ScheduleVisit name_ok=True args_ok=False (1282ms)
[base_permuted] live_multiple_1030-258-0 n_cand=3 bucket=primitive gold=get_website_geo_mapping_rules pred=get_website_geo_mapping_rules name_ok=True args_ok=True (1192ms)
[base_permuted] live_multiple_156-59-0 n_cand=4 bucket=primitive gold=analysis_api.AnalysisApi.retrieve_analysis pred=analysis_api.AnalysisApi.retrieve_analysis name_ok=True args_ok=True (1326ms)
[base_permuted] live_multiple_549-152-11 n_cand=4 bucket=primitive gold=Homes_2_FindHomeByArea pred=Homes_2_FindHomeByArea name_ok=True args_ok=True (1387ms)
[base_permuted] live_multiple_362-134-7 n_cand=3 bucket=primitive gold=Movies_3_FindMovies pred=Movies_3_FindMovies name_ok=True args_ok=True (1043ms)
[base_permuted] live_multiple_834-178-9 n_cand=3 bucket=primitive gold=Music_3_PlayMedia pred=Music_3_LookupMusic name_ok=False args_ok=False (1381ms)
[base_permuted] live_multiple_61-23-0 n_cand=3 bucket=primitive gold=get_movies pred=None name_ok=False args_ok=False (3563ms)
[base_permuted] live_multiple_1019-248-0 n_cand=3 bucket=primitive gold=releases_api.ReleasesApi.delete_release pred=releases_api.ReleasesApi.delete_release name_ok=True args_ok=True (923ms)
[base_permuted] live_multiple_209-91-3 n_cand=7 bucket=primitive gold=detail_project pred=detail_project name_ok=True args_ok=True (1514ms)
[base_permuted] live_multiple_600-158-6 n_cand=2 bucket=primitive gold=Hotels_4_SearchHotel pred=Hotels_4_SearchHotel name_ok=True args_ok=True (1324ms)
[base_permuted] live_multiple_178-75-0 n_cand=5 bucket=primitive gold=HNA_NEWS.search pred=HNA_NEWS.search name_ok=True args_ok=True (1489ms)
[base_permuted] live_multiple_433-141-22 n_cand=3 bucket=freetext gold=Movies_1_FindMovies pred=Movies_1_FindMovies name_ok=True args_ok=True (1096ms)
[base_permuted] live_multiple_912-191-0 n_cand=2 bucket=primitive gold=get_service_providers pred=None name_ok=False args_ok=False (2178ms)
[base_permuted] live_multiple_529-151-5 n_cand=2 bucket=primitive gold=Events_3_FindEvents pred=Events_3_FindEvents name_ok=True args_ok=True (932ms)
[base_permuted] live_multiple_211-91-5 n_cand=7 bucket=primitive gold=get_tech_stack pred=get_tech_stack name_ok=True args_ok=True (1196ms)
[base_permuted] live_multiple_371-134-16 n_cand=3 bucket=primitive gold=Movies_3_FindMovies pred=Movies_3_FindMovies name_ok=True args_ok=True (1064ms)
[base_permuted] live_multiple_818-177-1 n_cand=4 bucket=primitive gold=Events_3_FindEvents pred=Events_3_FindEvents name_ok=True args_ok=True (1128ms)
[base_permuted] live_multiple_840-178-15 n_cand=3 bucket=primitive gold=Music_3_LookupMusic pred=Music_3_LookupMusic name_ok=True args_ok=True (1399ms)
[base_permuted] live_multiple_243-107-4 n_cand=6 bucket=freetext gold=search_web_tool pred=search_web_tool name_ok=True args_ok=False (1506ms)
[base_permuted] live_multiple_514-150-2 n_cand=5 bucket=primitive gold=Movies_1_FindMovies pred=Movies_1_FindMovies name_ok=True args_ok=True (1659ms)
[base_permuted] live_multiple_472-145-23 n_cand=5 bucket=primitive gold=Travel_1_FindAttractions pred=Travel_1_FindAttractions name_ok=True args_ok=True (1748ms)
[base_permuted] live_multiple_723-165-10 n_cand=3 bucket=primitive gold=Hotels_2_SearchHouse pred=Hotels_2_SearchHouse name_ok=True args_ok=True (1402ms)
[base_permuted] live_multiple_200-90-2 n_cand=7 bucket=primitive gold=adriel_list_projects pred=adriel_list_projects name_ok=True args_ok=True (1382ms)
[base_permuted] live_multiple_408-140-4 n_cand=3 bucket=freetext gold=RideSharing_2_GetRide pred=RideSharing_2_GetRide name_ok=True args_ok=True (1385ms)
[base_permuted] live_multiple_103-43-1 n_cand=10 bucket=primitive gold=add_postgres_server pred=add_postgres_server name_ok=True args_ok=True (1703ms)
[base_permuted] live_multiple_207-91-1 n_cand=7 bucket=primitive gold=get_tech_stack pred=get_tech_stack name_ok=True args_ok=True (1179ms)
[base_permuted] live_multiple_438-142-4 n_cand=6 bucket=primitive gold=RentalCars_3_GetCarsAvailable pred=RentalCars_3_GetCarsAvailable name_ok=True args_ok=True (2004ms)
[base_permuted] live_multiple_707-164-23 n_cand=3 bucket=primitive gold=Movies_3_FindMovies pred=Movies_3_FindMovies name_ok=True args_ok=True (1025ms)
[base_permuted] live_multiple_74-34-0 n_cand=3 bucket=primitive gold=dartfx_help pred=dartfx_help name_ok=True args_ok=True (1306ms)
[base_permuted] live_multiple_265-127-0 n_cand=5 bucket=primitive gold=Weather_1_GetWeather pred=Weather_1_GetWeather name_ok=True args_ok=True (1359ms)
[base_permuted] live_multiple_601-158-7 n_cand=2 bucket=primitive gold=Hotels_4_SearchHotel pred=Hotels_4_SearchHotel name_ok=True args_ok=True (1992ms)
[base_permuted] live_multiple_67-28-0 n_cand=2 bucket=primitive gold=add_postgres_server pred=add_postgres_server name_ok=True args_ok=True (1517ms)
[base_permuted] live_multiple_473-145-24 n_cand=5 bucket=primitive gold=Travel_1_FindAttractions pred=Travel_1_FindAttractions name_ok=True args_ok=True (1748ms)
[base_permuted] live_multiple_977-215-1 n_cand=2 bucket=primitive gold=get_service_providers pred=get_service_providers name_ok=True args_ok=False (1524ms)
[base_permuted] live_multiple_326-132-16 n_cand=3 bucket=primitive gold=Movies_3_FindMovies pred=Movies_3_FindMovies name_ok=True args_ok=True (1463ms)
[base_permuted] live_multiple_911-190-0 n_cand=2 bucket=primitive gold=view_service_provider_profile pred=view_service_provider_profile name_ok=True args_ok=True (1042ms)
[base_permuted] live_multiple_813-176-4 n_cand=2 bucket=primitive gold=Alarm_1_AddAlarm pred=Alarm_1_AddAlarm name_ok=True args_ok=True (891ms)
[base_permuted] live_multiple_89-39-0 n_cand=4 bucket=primitive gold=render_ui_date_picker_widget pred=None name_ok=False args_ok=False (2629ms)
[base_permuted] live_multiple_924-191-12 n_cand=2 bucket=primitive gold=get_service_providers pred=get_service_providers name_ok=True args_ok=False (2141ms)
[base_permuted] live_multiple_520-150-8 n_cand=5 bucket=primitive gold=Movies_1_FindMovies pred=Movies_1_FindMovies name_ok=True args_ok=False (1985ms)
[base_permuted] live_multiple_226-100-0 n_cand=5 bucket=primitive gold=AclApi.add_mapping pred=AclApi.add_mapping name_ok=True args_ok=False (1129ms)
[base_permuted] live_multiple_38-14-0 n_cand=2 bucket=primitive gold=get_interviewer_list pred=None name_ok=False args_ok=False (2968ms)
[base_permuted] live_multiple_824-177-7 n_cand=4 bucket=primitive gold=Events_3_BuyEventTickets pred=Events_3_BuyEventTickets name_ok=True args_ok=False (1496ms)
[base_permuted] live_multiple_295-130-4 n_cand=2 bucket=primitive gold=Hotels_2_SearchHouse pred=None name_ok=False args_ok=False (3852ms)
[base_permuted] live_multiple_48-18-3 n_cand=3 bucket=primitive gold=inventory_management pred=inventory_management name_ok=True args_ok=True (993ms)
[base_permuted] live_multiple_221-95-0 n_cand=2 bucket=primitive gold=segment pred=segment name_ok=True args_ok=True (858ms)
[base_permuted] live_multiple_406-140-2 n_cand=3 bucket=freetext gold=RideSharing_2_GetRide pred=RideSharing_2_GetRide name_ok=True args_ok=True (1052ms)
[base_permuted] live_multiple_80-36-1 n_cand=4 bucket=primitive gold=add_mtnards_server pred=None name_ok=False args_ok=False (2686ms)
[base_permuted] live_multiple_1003-232-2 n_cand=3 bucket=primitive gold=api_token_api.APITokenApi.get_api_tokens pred=api_token_api.APITokenApi.get_api_tokens name_ok=True args_ok=True (932ms)
[base_permuted] live_multiple_903-186-0 n_cand=4 bucket=primitive gold=Trains_1_FindTrains pred=Trains_1_FindTrains name_ok=True args_ok=True (1501ms)
[base_permuted] live_multiple_459-145-10 n_cand=5 bucket=primitive gold=Travel_1_FindAttractions pred=Travel_1_FindAttractions name_ok=True args_ok=True (1764ms)
[base_permuted] live_multiple_807-175-13 n_cand=5 bucket=primitive gold=Weather_1_GetWeather pred=Weather_1_GetWeather name_ok=True args_ok=True (1341ms)
[base_permuted] live_multiple_814-176-5 n_cand=2 bucket=primitive gold=Alarm_1_AddAlarm pred=Alarm_1_AddAlarm name_ok=True args_ok=True (868ms)
[base_permuted] live_multiple_333-132-23 n_cand=3 bucket=primitive gold=Movies_3_FindMovies pred=None name_ok=False args_ok=False (4507ms)
[base_permuted] live_multiple_739-168-1 n_cand=5 bucket=primitive gold=Payment_1_MakePayment pred=Payment_1_MakePayment name_ok=True args_ok=False (1210ms)
[base_permuted] live_multiple_923-191-11 n_cand=2 bucket=primitive gold=get_service_providers pred=get_service_providers name_ok=True args_ok=True (1814ms)
[base_permuted] live_multiple_870-182-7 n_cand=5 bucket=freetext gold=Movies_1_FindMovies pred=Movies_1_FindMovies name_ok=True args_ok=True (1711ms)
[base_permuted] live_multiple_964-207-0 n_cand=2 bucket=freetext gold=transfer_to_human_agent pred=None name_ok=False args_ok=False (1557ms)
[base_permuted] live_multiple_277-128-0 n_cand=3 bucket=primitive gold=Restaurants_2_FindRestaurants pred=Restaurants_2_FindRestaurants name_ok=True args_ok=True (1446ms)
[base_permuted] live_multiple_596-158-2 n_cand=2 bucket=primitive gold=Hotels_4_SearchHotel pred=Hotels_4_SearchHotel name_ok=True args_ok=True (1596ms)
[base_permuted] live_multiple_160-62-1 n_cand=2 bucket=primitive gold=get_adriel_projects pred=get_adriel_projects name_ok=True args_ok=True (1535ms)
[base_permuted] live_multiple_831-178-6 n_cand=3 bucket=primitive gold=Music_3_LookupMusic pred=Music_3_LookupMusic name_ok=True args_ok=True (1050ms)
[base_permuted] live_multiple_718-165-5 n_cand=3 bucket=primitive gold=Hotels_2_BookHouse pred=Hotels_2_SearchHouse name_ok=False args_ok=False (1442ms)
[base_permuted] live_multiple_721-165-8 n_cand=3 bucket=primitive gold=Hotels_2_SearchHouse pred=Hotels_2_SearchHouse name_ok=True args_ok=True (1431ms)
[base_permuted] live_multiple_110-43-8 n_cand=10 bucket=primitive gold=list_files pred=list_files name_ok=True args_ok=True (1355ms)
[base_permuted] live_multiple_355-134-0 n_cand=3 bucket=primitive gold=Movies_3_FindMovies pred=Movies_3_FindMovies name_ok=True args_ok=True (1059ms)
[base_permuted] live_multiple_197-89-0 n_cand=2 bucket=primitive gold=get_tickets pred=get_tickets name_ok=True args_ok=True (1180ms)
[base_permuted] live_multiple_658-162-0 n_cand=8 bucket=primitive gold=Events_3_FindEvents pred=Events_3_FindEvents name_ok=True args_ok=False (2071ms)
[base_permuted] live_multiple_263-126-0 n_cand=2 bucket=primitive gold=EventQuery pred=EventQuery name_ok=True args_ok=True (894ms)
[base_permuted] live_multiple_674-162-16 n_cand=8 bucket=primitive gold=Events_3_FindEvents pred=None name_ok=False args_ok=False (4152ms)
[base_permuted] live_multiple_945-196-3 n_cand=2 bucket=primitive gold=play_song pred=play_song name_ok=True args_ok=False (870ms)
[base_permuted] live_multiple_839-178-14 n_cand=3 bucket=primitive gold=Music_3_LookupMusic pred=Music_3_LookupMusic name_ok=True args_ok=True (1355ms)
[base_permuted] live_multiple_387-137-5 n_cand=5 bucket=primitive gold=Services_1_FindProvider pred=Services_1_FindProvider name_ok=True args_ok=True (1411ms)
[base_permuted] live_multiple_498-148-8 n_cand=4 bucket=primitive gold=Events_3_FindEvents pred=Events_3_FindEvents name_ok=True args_ok=True (1375ms)
[base_permuted] live_multiple_862-181-3 n_cand=2 bucket=primitive gold=Trains_1_FindTrains pred=Trains_1_FindTrains name_ok=True args_ok=False (1346ms)
[base_permuted] live_multiple_851-179-5 n_cand=2 bucket=primitive gold=Restaurants_2_FindRestaurants pred=Restaurants_2_FindRestaurants name_ok=True args_ok=True (1015ms)
[base_permuted] live_multiple_105-43-3 n_cand=10 bucket=primitive gold=dartfx_help pred=dartfx_help name_ok=True args_ok=True (2280ms)
[base_permuted] live_multiple_980-215-4 n_cand=2 bucket=primitive gold=get_service_providers pred=get_service_providers name_ok=True args_ok=False (1550ms)
[base_permuted] live_multiple_122-46-1 n_cand=3 bucket=primitive gold=get_time_to_collision pred=get_time_to_collision name_ok=True args_ok=False (1518ms)
[base_permuted] live_multiple_789-174-3 n_cand=2 bucket=primitive gold=Homes_2_FindHomeByArea pred=Homes_2_FindHomeByArea name_ok=True args_ok=True (1307ms)
[base_permuted] live_multiple_448-144-8 n_cand=6 bucket=primitive gold=Services_4_FindProvider pred=Services_4_FindProvider name_ok=True args_ok=True (1648ms)
[base_permuted] live_multiple_974-214-0 n_cand=2 bucket=primitive gold=get_service_providers pred=get_service_providers name_ok=True args_ok=True (1538ms)
[base_permuted] live_multiple_191-85-0 n_cand=3 bucket=primitive gold=sort_list pred=None name_ok=False args_ok=False (1626ms)
[base_permuted] live_multiple_798-175-4 n_cand=5 bucket=primitive gold=Weather_1_GetWeather pred=Weather_1_GetWeather name_ok=True args_ok=True (1318ms)
[base_permuted] live_multiple_126-48-0 n_cand=2 bucket=primitive gold=analysis_api.AnalysisApi.retrieve_analysis pred=analysis_api.AnalysisApi.retrieve_analysis name_ok=True args_ok=True (1211ms)
[base_permuted] live_multiple_283-128-6 n_cand=3 bucket=primitive gold=Restaurants_2_FindRestaurants pred=Restaurants_2_FindRestaurants name_ok=True args_ok=True (1101ms)
[base_permuted] live_multiple_304-131-3 n_cand=5 bucket=primitive gold=Hotels_4_SearchHotel pred=Hotels_4_SearchHotel name_ok=True args_ok=False (1443ms)
[base_permuted] live_multiple_450-145-1 n_cand=5 bucket=primitive gold=Travel_1_FindAttractions pred=Travel_1_FindAttractions name_ok=True args_ok=True (1730ms)
[base_permuted] live_multiple_836-178-11 n_cand=3 bucket=primitive gold=Music_3_PlayMedia pred=Music_3_PlayMedia name_ok=True args_ok=True (1373ms)
[base_permuted] live_multiple_533-151-9 n_cand=2 bucket=primitive gold=Events_3_FindEvents pred=Events_3_FindEvents name_ok=True args_ok=True (918ms)
[base_permuted] live_multiple_801-175-7 n_cand=5 bucket=primitive gold=Weather_1_GetWeather pred=Weather_1_GetWeather name_ok=True args_ok=True (1295ms)
[base_permuted] live_multiple_753-169-8 n_cand=5 bucket=primitive gold=Media_3_FindMovies pred=Media_3_FindMovies name_ok=True args_ok=True (1921ms)
[base_permuted] live_multiple_452-145-3 n_cand=5 bucket=primitive gold=Travel_1_FindAttractions pred=Travel_1_FindAttractions name_ok=True args_ok=False (1756ms)
[base_permuted] live_multiple_174-72-0 n_cand=6 bucket=freetext gold=get_adriel_detail_experience_and_education pred=get_adriel_detail_experience_and_education name_ok=True args_ok=True (1421ms)
[base_permuted] live_multiple_1052-279-0 n_cand=2 bucket=primitive gold=set_volume pred=play_song name_ok=False args_ok=False (1214ms)
[base_permuted] live_multiple_611-159-4 n_cand=4 bucket=primitive gold=Events_3_FindEvents pred=Events_3_FindEvents name_ok=True args_ok=True (1118ms)
[base_permuted] live_multiple_952-201-0 n_cand=2 bucket=primitive gold=uber.eat.order pred=uber.eat.order name_ok=True args_ok=False (1556ms)
[base_permuted] live_multiple_893-185-3 n_cand=4 bucket=primitive gold=Payment_1_MakePayment pred=Payment_1_MakePayment name_ok=True args_ok=False (1162ms)
[base_permuted] live_multiple_484-146-9 n_cand=2 bucket=primitive gold=Music_3_LookupMusic pred=Music_3_LookupMusic name_ok=True args_ok=True (1335ms)
[base_permuted] live_multiple_803-175-9 n_cand=5 bucket=primitive gold=Weather_1_GetWeather pred=Weather_1_GetWeather name_ok=True args_ok=True (1319ms)
[base_permuted] live_multiple_46-18-1 n_cand=3 bucket=primitive gold=inventory_management pred=inventory_management name_ok=True args_ok=False (1289ms)
[base_permuted] live_multiple_489-147-4 n_cand=7 bucket=primitive gold=Trains_1_GetTrainTickets pred=Trains_1_GetTrainTickets name_ok=True args_ok=True (2263ms)
[base_permuted] live_multiple_481-146-6 n_cand=2 bucket=primitive gold=Music_3_LookupMusic pred=Music_3_LookupMusic name_ok=True args_ok=True (1297ms)
[base_permuted] live_multiple_838-178-13 n_cand=3 bucket=primitive gold=Music_3_PlayMedia pred=Music_3_PlayMedia name_ok=True args_ok=True (1372ms)
[base_permuted] live_multiple_598-158-4 n_cand=2 bucket=primitive gold=Hotels_4_SearchHotel pred=Hotels_4_SearchHotel name_ok=True args_ok=True (994ms)
[base_permuted] live_multiple_351-133-15 n_cand=4 bucket=primitive gold=Music_3_LookupMusic pred=Music_3_LookupMusic name_ok=True args_ok=True (1391ms)
[base_permuted] live_multiple_509-149-6 n_cand=4 bucket=primitive gold=Flights_4_SearchOnewayFlight pred=Flights_4_SearchOnewayFlight name_ok=True args_ok=True (1679ms)
[base_permuted] live_multiple_359-134-4 n_cand=3 bucket=primitive gold=Movies_3_FindMovies pred=Movies_3_FindMovies name_ok=True args_ok=True (1364ms)
[base_permuted] live_multiple_784-173-6 n_cand=3 bucket=primitive gold=Services_4_FindProvider pred=Services_4_FindProvider name_ok=True args_ok=False (1002ms)
[base_permuted] live_multiple_397-139-1 n_cand=3 bucket=primitive gold=Events_3_FindEvents pred=Events_3_FindEvents name_ok=True args_ok=True (1030ms)
[base_permuted] live_multiple_578-156-4 n_cand=5 bucket=primitive gold=Services_1_FindProvider pred=Services_1_FindProvider name_ok=True args_ok=True (1218ms)
[base_permuted] live_multiple_42-16-1 n_cand=2 bucket=primitive gold=get_pods pred=get_pods name_ok=True args_ok=True (847ms)
[base_permuted] live_multiple_477-146-2 n_cand=2 bucket=primitive gold=Music_3_LookupMusic pred=Music_3_LookupMusic name_ok=True args_ok=True (1336ms)
[base_permuted] live_multiple_855-180-3 n_cand=4 bucket=primitive gold=Buses_3_FindBus pred=Buses_3_FindBus name_ok=True args_ok=True (1535ms)
[base_permuted] live_multiple_799-175-5 n_cand=5 bucket=primitive gold=Weather_1_GetWeather pred=Weather_1_GetWeather name_ok=True args_ok=True (1314ms)
[base_permuted] live_multiple_967-209-0 n_cand=2 bucket=freetext gold=handover_to_human_agent pred=None name_ok=False args_ok=False (2293ms)
[base_permuted] live_multiple_869-182-6 n_cand=5 bucket=primitive gold=Movies_1_FindMovies pred=Movies_1_FindMovies name_ok=True args_ok=True (2037ms)
[base_permuted] live_multiple_309-131-8 n_cand=5 bucket=primitive gold=Hotels_4_ReserveHotel pred=None name_ok=False args_ok=False (3208ms)
[base_permuted] live_multiple_158-61-0 n_cand=2 bucket=primitive gold=get_adriel_projects pred=get_adriel_projects name_ok=True args_ok=True (890ms)
[base_permuted] live_multiple_280-128-3 n_cand=3 bucket=primitive gold=Restaurants_2_FindRestaurants pred=Restaurants_2_FindRestaurants name_ok=True args_ok=True (1110ms)
[base_permuted] live_multiple_181-76-1 n_cand=10 bucket=primitive gold=api_name.get_weather_forecast pred=None name_ok=False args_ok=False (4248ms)
[base_permuted] live_multiple_41-16-0 n_cand=2 bucket=primitive gold=get_services pred=get_services name_ok=True args_ok=True (847ms)
[base_permuted] live_multiple_827-178-2 n_cand=3 bucket=primitive gold=Music_3_LookupMusic pred=Music_3_LookupMusic name_ok=True args_ok=True (1037ms)
[base_permuted] live_multiple_680-163-5 n_cand=3 bucket=primitive gold=Weather_1_GetWeather pred=Weather_1_GetWeather name_ok=True args_ok=True (1022ms)
[base_permuted] live_multiple_285-129-0 n_cand=3 bucket=primitive gold=Services_4_FindProvider pred=Services_4_FindProvider name_ok=True args_ok=True (1019ms)
[base_permuted] live_multiple_428-141-17 n_cand=3 bucket=primitive gold=Movies_1_FindMovies pred=Movies_1_FindMovies name_ok=True args_ok=True (1402ms)
[base_permuted] live_multiple_40-15-0 n_cand=2 bucket=primitive gold=oven_preheat pred=oven_preheat name_ok=True args_ok=True (872ms)
[base_permuted] live_multiple_467-145-18 n_cand=5 bucket=primitive gold=Travel_1_FindAttractions pred=Travel_1_FindAttractions name_ok=True args_ok=True (1765ms)
[base_permuted] live_multiple_314-132-4 n_cand=3 bucket=primitive gold=Movies_3_FindMovies pred=Movies_3_FindMovies name_ok=True args_ok=True (1135ms)
[base_permuted] live_multiple_688-164-4 n_cand=3 bucket=primitive gold=Movies_3_FindMovies pred=Movies_3_FindMovies name_ok=True args_ok=True (1017ms)
[base_permuted] live_multiple_144-56-0 n_cand=2 bucket=primitive gold=get_sensor_readings_latest pred=get_sensor_readings_latest name_ok=True args_ok=False (1473ms)
[base_permuted] live_multiple_1008-237-0 n_cand=3 bucket=primitive gold=ApplicationAnalyzeApi.get_trace_download pred=ApplicationAnalyzeApi.get_trace_download name_ok=True args_ok=True (1234ms)
[base_permuted] live_multiple_113-44-0 n_cand=9 bucket=primitive gold=list_servers pred=list_servers name_ok=True args_ok=True (1313ms)
[base_permuted] live_multiple_791-174-5 n_cand=2 bucket=primitive gold=Homes_2_FindHomeByArea pred=Homes_2_FindHomeByArea name_ok=True args_ok=True (1293ms)
[base_permuted] live_multiple_356-134-1 n_cand=3 bucket=primitive gold=Movies_3_FindMovies pred=Movies_3_FindMovies name_ok=True args_ok=True (1367ms)
[base_permuted] live_multiple_961-205-1 n_cand=2 bucket=primitive gold=web_search pred=web_search name_ok=True args_ok=True (1210ms)
[base_permuted] live_multiple_27-7-0 n_cand=2 bucket=primitive gold=add pred=None name_ok=False args_ok=False (1124ms)
[base_permuted] live_multiple_1000-231-0 n_cand=3 bucket=primitive gold=MaintenanceConfigurationApi.get_maintenance_config pred=MaintenanceConfigurationApi.get_maintenance_config name_ok=True args_ok=True (918ms)
[base_permuted] live_multiple_222-96-0 n_cand=2 bucket=freetext gold=uber.ride pred=uber.ride name_ok=True args_ok=True (1259ms)
[base_permuted] live_multiple_572-155-12 n_cand=6 bucket=primitive gold=Events_3_FindEvents pred=Events_3_FindEvents name_ok=True args_ok=True (1377ms)
[base_permuted] live_multiple_77-35-1 n_cand=4 bucket=primitive gold=add_postgres_server pred=add_postgres_server name_ok=True args_ok=True (1388ms)
[base_permuted] live_multiple_167-67-0 n_cand=4 bucket=primitive gold=get_adriel_profile pred=get_adriel_profile name_ok=True args_ok=True (1008ms)
[base_permuted] live_multiple_510-149-7 n_cand=4 bucket=primitive gold=Flights_4_SearchOnewayFlight pred=Flights_4_SearchOnewayFlight name_ok=True args_ok=False (1680ms)
[base_permuted] live_multiple_603-158-9 n_cand=2 bucket=primitive gold=Hotels_4_SearchHotel pred=Hotels_4_SearchHotel name_ok=True args_ok=True (985ms)
[base_permuted] live_multiple_78-35-2 n_cand=4 bucket=primitive gold=dartfx_help pred=dartfx_help name_ok=True args_ok=True (1071ms)
[base_permuted] live_multiple_55-22-2 n_cand=4 bucket=primitive gold=inventory_management pred=inventory_management name_ok=True args_ok=True (1334ms)
[base_permuted] live_multiple_1047-274-0 n_cand=2 bucket=primitive gold=Hotels_2_BookHouse pred=Hotels_2_SearchHouse name_ok=False args_ok=False (1303ms)
[base_permuted] live_multiple_388-137-6 n_cand=5 bucket=primitive gold=Services_1_FindProvider pred=Services_1_FindProvider name_ok=True args_ok=True (1076ms)
[base_permuted] live_multiple_675-163-0 n_cand=3 bucket=primitive gold=Weather_1_GetWeather pred=Weather_1_GetWeather name_ok=True args_ok=True (1358ms)
[base_permuted] live_multiple_1044-271-0 n_cand=5 bucket=primitive gold=Weather_1_GetWeather pred=Weather_1_GetWeather name_ok=True args_ok=True (1396ms)
[base_permuted] live_multiple_729-167-0 n_cand=4 bucket=primitive gold=Homes_2_FindHomeByArea pred=Homes_2_FindHomeByArea name_ok=True args_ok=True (1433ms)
[base_permuted] live_multiple_147-58-1 n_cand=4 bucket=primitive gold=get_sensor_readings_history pred=get_sensor_readings_history name_ok=True args_ok=False (2294ms)
[base_permuted] live_multiple_343-133-7 n_cand=4 bucket=freetext gold=Music_3_LookupMusic pred=Music_3_LookupMusic name_ok=True args_ok=True (1075ms)
[base_permuted] live_multiple_5-3-0 n_cand=4 bucket=primitive gold=get_current_weather pred=None name_ok=False args_ok=False (2015ms)
[base_permuted] live_multiple_72-32-0 n_cand=3 bucket=primitive gold=add_postgres_server pred=add_postgres_server name_ok=True args_ok=True (1291ms)
[base_permuted] live_multiple_522-150-10 n_cand=5 bucket=primitive gold=Movies_1_FindMovies pred=Movies_1_FindMovies name_ok=True args_ok=True (1665ms)
[base_permuted] live_multiple_966-208-0 n_cand=3 bucket=freetext gold=handover_to_agent pred=handover_to_agent name_ok=True args_ok=True (1643ms)
[base_permuted] live_multiple_19-4-11 n_cand=5 bucket=primitive gold=ControlAppliance.execute pred=ControlAppliance.execute name_ok=True args_ok=True (1498ms)
[base_permuted] live_multiple_683-163-8 n_cand=3 bucket=primitive gold=Weather_1_GetWeather pred=Weather_1_GetWeather name_ok=True args_ok=True (1341ms)
[base_permuted] live_multiple_544-152-6 n_cand=4 bucket=primitive gold=Homes_2_FindHomeByArea pred=Homes_2_FindHomeByArea name_ok=True args_ok=True (1697ms)
[base_permuted] live_multiple_899-185-9 n_cand=4 bucket=primitive gold=Payment_1_MakePayment pred=Payment_1_MakePayment name_ok=True args_ok=False (1465ms)
[base_permuted] live_multiple_466-145-17 n_cand=5 bucket=primitive gold=Travel_1_FindAttractions pred=Travel_1_FindAttractions name_ok=True args_ok=True (1739ms)
[base_permuted] live_multiple_205-90-7 n_cand=7 bucket=atomic gold=adriel_experiences_and_education pred=adriel_experiences_and_education name_ok=True args_ok=True (1081ms)
[base_permuted] live_multiple_957-203-1 n_cand=2 bucket=primitive gold=user.mandates pred=user.mandates name_ok=True args_ok=True (850ms)
[base_permuted] live_multiple_673-162-15 n_cand=8 bucket=primitive gold=Events_3_FindEvents pred=Events_3_FindEvents name_ok=True args_ok=True (2096ms)
[base_permuted] live_multiple_257-121-0 n_cand=3 bucket=primitive gold=vex_api.VexApi.export_project_as_cyclone_dx1 pred=vex_api.VexApi.export_project_as_cyclone_dx1 name_ok=True args_ok=True (1312ms)
[base_permuted] live_multiple_274-127-9 n_cand=5 bucket=primitive gold=Weather_1_GetWeather pred=Weather_1_GetWeather name_ok=True args_ok=False (1373ms)
[base_permuted] live_multiple_365-134-10 n_cand=3 bucket=primitive gold=Movies_3_FindMovies pred=Movies_3_FindMovies name_ok=True args_ok=True (1366ms)
[base_permuted] live_multiple_872-182-9 n_cand=5 bucket=primitive gold=Movies_1_FindMovies pred=Movies_1_FindMovies name_ok=True args_ok=True (1382ms)
[base_permuted] live_multiple_494-148-4 n_cand=4 bucket=primitive gold=Events_3_FindEvents pred=Events_3_FindEvents name_ok=True args_ok=True (1087ms)
[base_permuted] live_multiple_311-132-1 n_cand=3 bucket=primitive gold=Movies_3_FindMovies pred=Movies_3_FindMovies name_ok=True args_ok=True (1451ms)
[base_permuted] live_multiple_662-162-4 n_cand=8 bucket=primitive gold=Events_3_FindEvents pred=Events_3_FindEvents name_ok=True args_ok=True (1763ms)
[base_permuted] live_multiple_64-26-0 n_cand=3 bucket=primitive gold=uber.eat.order pred=uber.eat.order name_ok=True args_ok=False (1299ms)
[base_permuted] live_multiple_571-155-11 n_cand=6 bucket=primitive gold=Events_3_FindEvents pred=Events_3_FindEvents name_ok=True args_ok=True (1691ms)
[base_permuted] live_multiple_846-179-0 n_cand=2 bucket=primitive gold=Restaurants_2_FindRestaurants pred=Restaurants_2_FindRestaurants name_ok=True args_ok=True (1044ms)
[base_permuted] live_multiple_278-128-1 n_cand=3 bucket=primitive gold=Restaurants_2_FindRestaurants pred=Restaurants_2_FindRestaurants name_ok=True args_ok=True (1101ms)
[base_permuted] live_multiple_94-41-1 n_cand=7 bucket=primitive gold=list_servers pred=list_servers name_ok=True args_ok=True (1095ms)
[base_permuted] live_multiple_182-77-0 n_cand=2 bucket=primitive gold=math_gcd pred=math_gcd name_ok=True args_ok=True (867ms)
[base_permuted] live_multiple_140-54-0 n_cand=2 bucket=primitive gold=weather.get pred=weather.get name_ok=True args_ok=True (1211ms)
[base_permuted] live_multiple_956-203-0 n_cand=2 bucket=primitive gold=partner.mandates pred=partner.mandates name_ok=True args_ok=True (843ms)
[base_permuted] live_multiple_132-50-4 n_cand=5 bucket=freetext gold=search_engine.query pred=search_engine.query name_ok=True args_ok=False (1576ms)
[base_permuted] live_multiple_513-150-1 n_cand=5 bucket=primitive gold=Movies_1_FindMovies pred=Movies_1_FindMovies name_ok=True args_ok=True (1629ms)
[base_permuted] live_multiple_998-229-0 n_cand=3 bucket=atomic gold=health_api.HealthApi.get_version pred=health_api.HealthApi.get_version name_ok=True args_ok=True (1050ms)
[base_permuted] live_multiple_1032-260-0 n_cand=3 bucket=primitive gold=get_synthetic_locations pred=get_synthetic_locations name_ok=True args_ok=True (903ms)
[base_permuted] live_multiple_29-9-0 n_cand=5 bucket=primitive gold=multiply pred=None name_ok=False args_ok=False (1827ms)
[base_permuted] live_multiple_236-106-2 n_cand=4 bucket=primitive gold=set_point pred=set_point name_ok=True args_ok=False (924ms)
[base_permuted] live_multiple_376-135-0 n_cand=2 bucket=primitive gold=Services_4_FindProvider pred=Services_4_FindProvider name_ok=True args_ok=True (900ms)
[base_permuted] live_multiple_186-81-0 n_cand=2 bucket=primitive gold=weather_forecast.get pred=weather_forecast.get name_ok=True args_ok=True (1524ms)
[base_permuted] live_multiple_306-131-5 n_cand=5 bucket=primitive gold=Hotels_4_SearchHotel pred=Hotels_4_SearchHotel name_ok=True args_ok=False (1443ms)
[base_permuted] live_multiple_951-200-0 n_cand=5 bucket=atomic gold=version_api.VersionApi.get_version pred=version_api.VersionApi.get_version name_ok=True args_ok=True (959ms)
[base_permuted] live_multiple_993-224-0 n_cand=3 bucket=primitive gold=get_apdex_report pred=get_apdex_report name_ok=True args_ok=True (1285ms)
[base_permuted] live_multiple_710-164-26 n_cand=3 bucket=primitive gold=Movies_3_FindMovies pred=None name_ok=False args_ok=False (2724ms)
[base_permuted] live_multiple_32-10-2 n_cand=6 bucket=primitive gold=sub pred=None name_ok=False args_ok=False (1307ms)
[base_permuted] live_multiple_63-25-0 n_cand=2 bucket=primitive gold=uber.eat.order pred=uber.eat.order name_ok=True args_ok=False (1214ms)
[base_permuted] live_multiple_35-11-1 n_cand=2 bucket=primitive gold=get_tesco_locations pred=get_tesco_locations name_ok=True args_ok=True (881ms)
[base_permuted] live_multiple_486-147-1 n_cand=7 bucket=primitive gold=Trains_1_GetTrainTickets pred=Trains_1_GetTrainTickets name_ok=True args_ok=True (1926ms)
[base_permuted] live_multiple_728-166-3 n_cand=3 bucket=primitive gold=Services_1_FindProvider pred=Services_1_FindProvider name_ok=True args_ok=True (960ms)
[base_permuted] live_multiple_202-90-4 n_cand=7 bucket=primitive gold=adriel_list_projects pred=adriel_list_projects name_ok=True args_ok=True (1099ms)
[base_permuted] live_multiple_171-71-0 n_cand=6 bucket=primitive gold=get_adriel_detail_experience_and_education pred=get_adriel_detail_experience_and_education name_ok=True args_ok=True (1510ms)
[base_permuted] live_multiple_71-31-0 n_cand=2 bucket=primitive gold=add_postgres_server pred=add_postgres_server name_ok=True args_ok=True (1231ms)
[base_permuted] live_multiple_185-80-0 n_cand=10 bucket=primitive gold=get_activity_by_participants pred=get_activity_by_participants name_ok=True args_ok=True (1734ms)
[base_permuted] live_multiple_15-4-7 n_cand=5 bucket=primitive gold=HNA_NEWS.search pred=HNA_NEWS.search name_ok=True args_ok=True (1207ms)
[base_permuted] live_multiple_241-107-2 n_cand=6 bucket=freetext gold=search_web_tool pred=search_web_tool name_ok=True args_ok=True (1497ms)
[base_permuted] live_multiple_904-186-1 n_cand=4 bucket=primitive gold=Trains_1_FindTrains pred=Trains_1_FindTrains name_ok=True args_ok=False (1845ms)

Trace: /home/tawana/research/reflex/experiments/native_tool_routing_20260922T115413Z.jsonl
Summary: /home/tawana/research/reflex/experiments/native_tool_routing_20260922T115413Z.summary.json
{
  "base_original": {
    "total": 1051,
    "correct_name": 981,
    "accuracy_name": 0.9333967649857279,
    "correct_args_loose": 813,
    "accuracy_args_loose": 0.7735490009514748,
    "mean_latency_ms": 1470.522881545114,
    "accuracy_by_candidate_count": {
      "2": "207/224",
      "3": "286/301",
      "4": "160/176",
      "5": "184/195",
      "6": "69/78",
      "7": "33/33",
      "8": "17/18",
      "9": "11/11",
      "10": "14/15"
    },
    "accuracy_by_arg_bucket": {
      "primitive": {
        "name": "911/974",
        "args_loose": "755/974"
      },
      "atomic": {
        "name": "25/25",
        "args_loose": "25/25"
      },
      "freetext": {
        "name": "45/52",
        "args_loose": "33/52"
      }
    }
  },
  "base_permuted": {
    "total": 1051,
    "correct_name": 979,
    "accuracy_name": 0.9314938154138915,
    "correct_args_loose": 812,
    "accuracy_args_loose": 0.7725975261655567,
    "mean_latency_ms": 1473.1746218533951,
    "accuracy_by_candidate_count": {
      "2": "207/224",
      "3": "281/301",
      "4": "160/176",
      "5": "185/195",
      "6": "71/78",
      "7": "33/33",
      "8": "17/18",
      "9": "11/11",
      "10": "14/15"
    },
    "accuracy_by_arg_bucket": {
      "primitive": {
        "name": "908/974",
        "args_loose": "753/974"
      },
      "atomic": {
        "name": "25/25",
        "args_loose": "25/25"
      },
      "freetext": {
        "name": "46/52",
        "args_loose": "34/52"
      }
    }
  }
}
